string,uz_UZ,ru_RU,en_EN,uz_UZK
action_activate,Faollashtirish,Активировать,Activate,Фаоллаштириш
action_advertise,Reklama qilish,Рекламировать,Advertise,Реклама қилиш
action_deactivate,Faolsizlantirish,Деактивировать,Deactivate,Фаолсизлантириш
action_delete,O‘chirish,Удалить,Delete,Ўчириш
action_edit,Tahrirlash,Редактировать,Edit,Таҳрирлаш
action_make_main,Asosiy qilish,Сделать основным,Make Primary,Асосий қилиш
active_sessions_current_session,Joriy sessiya,Текущий сеанс,Current Session,Жорий сессия
active_sessions_mobile_app,Mobil ilova,Мобильное приложение,Mobile App,Мобил илова
active_sessions_terminate,Seansni tugatish,Завершить сеанс,End Session,Сеансни тугатиш
active_sessions_terminate_message,Haqiqatan ham bu seansni tugatmoqchimisiz?,"Вы уверены, что хотите завершить этот сеанс?",Do you really want to end this session?,Ҳақиқатан ҳам бу сеансни тугатмоқчимисиз?
active_sessions_terminate_title,Seansni tugatish,Завершить сеанс,End Session,Сеансни тугатиш
active_sessions_web_browser,Veb brauzer,Веб-браузер,Web Browser,Веб браузер
ad_buy,Sotib olish,Купить,Purchase,Сотиб олиш
ad_buy_by_one_click,Bir klikda sotib olish,Купить в один клик,One-Click Purchase,Бир кликда сотиб олиш
ad_creation_additional_info_label,Qo‘shimcha ma’lumot,Дополнительная информация,Additional Information,Қўшимча маълумот
ad_creation_address_label,Mening manzilim,Мои адрес,My Address,Менинг манзилим
ad_creation_addresses_info_label,Manzillar,Адреса,Addresses,Манзиллар
ad_creation_auto_renew_label,Avtomatik uzaytirish,Автопродление,Auto-renewal,Автоматик узайтириш
ad_creation_auto_renew_off_desc,E’lon 15 kundan keyin faolsizlantiriladi,Объявление будет деактивировано через 15 дней,Ad will be deactivated in 15 days,Эълон 15 кундан кейин фаолсизлантирилади
ad_creation_auto_renew_on_desc,E’lon har 15 kunda avtomatik uzaytiriladi,Автоматически продлевать объявление каждые 15 дней,Ad automatically renews every 15 days,Эълон ҳар 15 кунда автоматик узайтирилади
ad_creation_business_label,Biznes,Бизнес,Business,Бизнес
ad_creation_category_label,Kategoriya,Категория,Category,Категория
ad_creation_contact_info_label,Aloqa ma’lumotlari,Контактная информация,Contact Information,Алоқа маълумотлари
ad_creation_contact_person_label,Aloqa uchun shaxs,Контактное лицо,Contact Person,Алоқа учун шахс
ad_creation_contact_phone_label,Telefon raqami,Номер телефона,Phone Number,Телефон рақами
ad_creation_currency_label,Pul birligi,Валюта,Currency,Пул бирлиги
ad_creation_desc_hint,E’loningizni tushunarli qiladigan va topishni osonlashtiradigan tafsilotlarni o‘ylab ko‘ring. Va ularni tavsifga qo‘shing,"Подумайте, какие подробности вы хотели бы узнать из объявления. И добавьте их в описание",Think of details that make your ad clear and easy to find. And add them to the description,Эълонингизни тушунарли қиладиган ва топишни осонлаштирадиган тафсилотларни ўйлаб кўринг. Ва уларни тавсифга қўшинг
ad_creation_desc_label,Mahsulot tavsifi,Описание товара,Product Description,Маҳсулот тавсифи
ad_creation_exchange_label,Almashaman,Обменяю,I Exchange,Алмашаман
ad_creation_exchange_title,Almashish,Обмен,Exchange,Алмашиш
ad_creation_free_delivery_label,Bepul yetkazib berish,Бесплатная доставка,Free Delivery,Бепул етказиб бериш
ad_creation_free_title,Bepul,Бесплатно,Free,Бепул
ad_creation_from_price_label,dan,с,from,дан
ad_creation_image_min_count_error,2 yoki undan ortiq rasm qo‘shish talab qilinadi,Требуется добавить 2 и более фото,2 or more images required,2 ёки ундан ортиқ расм қўшиш талаб қилинади
ad_creation_name_label,Mahsulot nomi,Название товара,Product Name,Маҳсулот номи
ad_creation_negotiable_label,Kelishish mumkin,Договорная,Negotiable,Келишиш мумкин
ad_creation_paid_delivery_label,Pullik yetkazib berish,Платная доставка,Paid Delivery,Пуллик етказиб бериш
ad_creation_paid_delivery_price_label,Bir kilometr narxi,Цена за км,Price per Kilometer,Бир километр нархи
ad_creation_payment_type_label,To‘lov usuli,Способ оплаты,Payment Method,Тўлов усули
ad_creation_personal_label,Shaxsiy,Личное,Personal,Шахсий
ad_creation_personal_or_business_label,Biznes yoki shaxsiy,Бизнес или личное,Business or Personal,Бизнес ёки шахсий
ad_creation_pickup_label,Olib ketish manzillari,Самовывоз с адреса,Pickup Addresses,Олиб кетиш манзиллари
ad_creation_price_label,Narxi,Цена,Price,Нархи
ad_creation_product_title,Mahsulot,Продукт,Product,Маҳсулот
ad_creation_receive_types_label,Qabul qilish turlari,Способы приема,Acceptance Types,Қабул қилиш турлари
ad_creation_required_address_label,Qayerdan kerak,Откуда вам нужен,Where From,Қаердан керак
ad_creation_required_fields_label,Yulduzcha bilan belgilangan barcha maydonlar to‘ldirilishi kerak.,Необходимо заполнить все поля отмеченный звездочкой,All fields marked with an asterisk must be filled,Юлдузча билан белгиланган барча майдонлар тўлдирилиши керак.
ad_creation_result_add_another_ad,Yangi e’lon qo‘shish,Добавить новое объявление,Add New Ad,Янги эълон қўшиш
ad_creation_result_desc,E’lon o‘zgarishlari ko‘rib chiqish uchun yuborildi,Изменения объявления отправлены на проверку,Ad changes sent for review,Эълон ўзгаришлари кўриб чиқиш учун юборилди
ad_creation_result_edit_current_ad,E’lonni tahrirlash,Редактирование объявления,Edit Ad,Эълонни таҳрирлаш
ad_creation_result_message,O‘zgarishlar saqlandi,Изменения сохранены,Changes Saved,Ўзгаришлар сақланди
ad_creation_result_open_dashboard,Asosiy oynaga o‘tish,Перейти на главную,Go to Main Screen,Асосий ойнага ўтиш
ad_creation_service_addresses,Xizmat ko‘rsatish manzillari,Адреса услуг,Service Addresses,Хизмат кўрсатиш манзиллари
ad_creation_service_title,Xizmat,Услуга,Service,Хизмат
ad_creation_show_my_social_accounts_label,Mening ijtimoiy tarmoqlarim mahsulot tavsifi ko‘rsatilsin,Показать мои соц. сети на описание товара,Show my social networks in product description,Менинг ижтимоий тармоқларим маҳсулот тавсифи кўрсатилсин
ad_creation_start_buy_desc,Siz qulay va tez mahsulot yoki xizmatni sotib olish uchun so‘rovlarni yaratishingiz mumkin!,Вы можете легко и быстро создавать заявки на покупку товара или услуги!,You can create requests to purchase products or services conveniently and quickly!,Сиз қулай ва тез маҳсулот ёки хизматни сотиб олиш учун сўровларни яратишингиз мумкин!
ad_creation_start_buy_product,Mahsulot sotib oling,Купить товар,Buy Product,Маҳсулот сотиб олинг
ad_creation_start_buy_service,Xizmat sotib oling,Купить услугу,Sign in with FaceId,Хизмат сотиб олинг
ad_creation_start_buy_title,Sotib olmoqchimisiz ?,Хотите купить ?,Want to Buy?,Сотиб олмоқчимисиз ?
ad_creation_start_sale_desc,Siz bizning platformamizda mahsulotlar va xizmatlarni qulay va tez sotishingiz mumkin!,На нашей платформе вы можете быстро и надёжно продавать свои товары и услуги!,You can sell goods and services on our platform conveniently and quickly!,Сиз бизнинг платформамизда маҳсулотлар ва хизматларни қулай ва тез сотишингиз мумкин!
ad_creation_start_sale_product,Mahsulot soting,Продавайте товар,Sell Product,Маҳсулот сотинг
ad_creation_start_sale_service,Xizmat soting,Продавайте услугу,Sell Service,Хизмат сотинг
ad_creation_start_sale_title,Sotmoqchimisiz ?,Хочу продать ?,Want to Sell?,Сотмоқчимисиз ?
ad_creation_state_label,Holati,Состояние,Status,Ҳолати
ad_creation_state_new_label,Yangi,Новый,New,Янги
ad_creation_state_used_label,Ishlatilgan,Б / У,Used,Ишлатилган
ad_creation_title,E‘lon yaratish,Создать объявление,Create Ad,Эълон яратиш
ad_creation_to_price_label,gacha,до,to,гача
ad_creation_transaction_type_label,E’lon turi,Тип объявления,Ad Type,Эълон тури
ad_creation_useful_link_label,Foydali havolalar,Полезные ссылки,Useful Links,Фойдали ҳаволалар
ad_creation_video_ulr_label,Video,Видео,Video,Видео
ad_creation_warehouse_count_label,Ombordagi miqdor,Кол-во на складе,Stock Quantity,Омбордаги миқдор
ad_creation_warehouse_unit_label,O‘lchov turi,Ед. измерения,Measurement Type,Ўлчов тури
ad_delete_message,E’lonni o‘chirishni hohlaysizmi?,Вы хотите удалить объявление?,Do you want to delete the ad?,Эълонни ўчиришни ҳоҳлайсизми?
ad_detail_add_to_cart,Savatga qo‘shish,В корзину,Add to Cart,Саватга қўшиш
ad_detail_author,Muallif,Автор,Author,Муаллиф
ad_detail_author_ads,Muallifning boshqa e‘lonlari,Другие объявления автора,Author's Other Ads,Муаллифнинг бошқа эълонлари
ad_detail_characteristics,Xususiyatlari,Характеристики,Features,Хусусиятлари
ad_detail_cheap_price,Arzon narx,Дешевая цена,Cheap Price,Арзон нарх
ad_detail_chip_item_condition,Holati:,Состояние:,Status:,Ҳолати:
ad_detail_chip_published_date,Chop etilgan:,Опубликовано:,Published:,Чоп этилган:
ad_detail_chip_viewed_count,Ko‘rildi:,Просмотров:,Views:,Кўрилди:
ad_detail_complain,Shikoyat qiling,Пожаловаться,Report,Шикоят қилинг
ad_detail_description,Tavsif,Описание,Description,Тавсиф
ad_detail_expensive_price,Qimmat narx,Дорогая цена,Expensive Price,Қиммат нарх
ad_detail_feedback,Sharhlar,Отзывы,Comments,Шарҳлар
ad_detail_location,Manzil,Местоположение,Address,Манзил
ad_detail_on_online_bozor,OnlineBozorda,на OnlineBozor с,On OnlineBozor,ОнлайнБозорда
ad_detail_open_cart,Savatni ko‘rish,Посмотреть корзину,View Cart,Саватни кўриш
ad_detail_sale_count_end,dona bor,штука,items available,дона бор
ad_detail_sale_count_start,Sotuvda,В продаже,For Sale,Сотувда
ad_detail_show_more,Ko‘proq ko‘rsatish,Показать больше,Show More,Кўпроқ кўрсатиш
ad_detail_show_phone,Qo‘ng‘iroq,Позвонить,Call,Қўнғироқ
ad_detail_towritemessge,Sms,Sms,SMS,Смс
ad_edit_title,E’lon tahrirlash,Редактировать объявление,Edit Ad,Эълон таҳрирлаш
ad_empty_message_active,Sizda hozircha faol e‘lon yo‘q!,У вас пока нет активных объявлений!,You don't have any active ads yet!,Сизда ҳозирча фаол эълон йўқ!
ad_empty_message_all,Siz hali birorta ham e’lon qo‘shmadingiz!,Вы еще не добавили объявлений!,You haven't added any ads yet!,Сиз ҳали бирорта ҳам эълон қўшмадингиз!
ad_empty_message_cancelled,Sizda hozircha bekor qilingan e‘lon yo‘q!,У вас нет отмененных объявлений!,You don't have any canceled ads yet!,Сизда ҳозирча бекор қилинган эълон йўқ!
ad_empty_message_inactive,Sizda hozircha nofaol e‘lon yo‘q!,У вас пока нет неактивных объявлений!,You don't have any inactive ads yet!,Сизда ҳозирча нофаол эълон йўқ!
ad_empty_message_wait,Sizda hozircha ko‘rib chiqilayotgan e’lon yo‘q!,У вас нет ожидающих объявлений!,You don't have any ads under review yet!,Сизда ҳозирча кўриб чиқилаётган эълон йўқ!
ad_installment_hint_status,Bo‘lib to‘lash hozirgi paytda ishlamayapti,Оплата в рассрочку на данный момент не доступна,Installment payment is currently not working,Бўлиб тўлаш ҳозирги пайтда ишламаяпти
ad_list_interesting_products,Qiziqarli mahsulotlar,Интересные продукты,Interesting Products,Қизиқарли маҳсулотлар
ad_list_interesting_services,Qiziqarli xizmatlar,Интересные услуги,Interesting Services,Қизиқарли хизматлар
ad_list_low_price_products,Hamyonbop mahsulotlar,Доступные продукты,Affordable Products,Ҳамёнбоп маҳсулотлар
ad_list_low_price_services,Hamyonbop xizmatlar,Доступные услуги,Affordable Services,Ҳамёнбоп хизматлар
ad_list_popular_products,Ommabop mahsulotlar,Популярные продукты,Popular Products,Оммабоп маҳсулотлар
ad_list_popular_services,Ommabop xizmatlar,Популярные услуги,Popular Services,Оммабоп хизматлар
ad_property_biznes,Biznes,Бизнес,Business,Бизнес
ad_property_personal,Shaxsiy,Частное,Personal,Шахсий
ad_status_new,Yangi,Новый,New,Янги
ad_status_old,I/B,Б/У,Used,И/Б
ad_status_title,Holati:,Cтатус:,Status:,Ҳолати:
ad_transaction_type_buy,Mahsulot,Продукт,Product,Маҳсулот
ad_transaction_type_buy_service,Xizmat,Услуга,Service,Хизмат
ad_transaction_type_exchange,Ayirboshlash,Обмен,Exchange,Айирбошлаш
ad_transaction_type_free,Bepul,Бесплатно,Free,Бепул
ad_transaction_type_sell,Mahsulot,Продукт,Product,Маҳсулот
ad_transaction_type_service,Xizmat,Услуга,Service,Хизмат
ad_type_product_title,Mahsulot,Продукт,Product,Маҳсулот
ad_type_service_title,Xizmat,Услуга,Service,Хизмат
add_image_actions_title,Rasm qo‘shish,Добавить изображение,Add Image,Расм қўшиш
address_add_title,Manzil qo‘shish,Добавить адрес,Add Address,Манзил қўшиш
address_empty_title,"Siz hali manzil qo‘shmagansiz, qo‘shmoqchimisiz?","Вы ещё не добавили адрес, хотите добавить?","You haven't added an address yet, would you like to add one?","Сиз ҳали манзил қўшмагансиз, қўшмоқчимисиз?"
all_title,Barchasi,Все,All,Барчаси
auth_common_password,Parol,пароль,Password,Парол
auth_common_you_agree_in,Tizimga kirish orqali siz rozilik bildirasiz,"Авторизуясь, вы соглашаетесь с ","By logging in, you agree to the",Тизимга кириш орқали сиз розилик билдирасиз
auth_common_your_processing_policy,shaxsiy \nma‘lumotlarni qayta ishlash siyosati,политикой \nобработки персональных данных,personal data processing policy,шахсий \нмаълумотларни қайта ишлаш сиёсати
auth_confirm_again_sent_sms_your_phone,Yana yuboring,Отправить еще раз,Resend,Яна юборинг
auth_confirm_corfimation_code,Tasdiqlash kodi,КОД подтверждения,Verification Code,Тасдиқлаш коди
auth_confirm_sent_sms_your_phone,Biz sizga {phone} raqamiga kod bilan SMS yubordik,Мы отправили вам СМС с кодом на номер {phone},We sent you an SMS with a code to {phone},Биз сизга {пҳоне} рақамига код билан СМС юбордик
auth_person_policy,siyosat shaxsiy ma‘lumotlarni qayta ishlash,политикой nобработки персональных данных,personal data processing policy,сиёсат шахсий маълумотларни қайта ишлаш
auth_policy_agree,Tizimga kirish orqali siz rozilik bildirasiz,"Авторизуясь, вы соглашаетесь с ","By logging in, you agree to the",Тизимга кириш орқали сиз розилик билдирасиз
auth_price_police,Tizimga kirish orqali siz shaxsiy ma'lumotlarni saqlash va qayta ishlash shartlariga rozilik bildirasiz.,"lАвторизуясь, вы соглашаетесь с условиями хранения и обработки персональных данных.","By logging in, you agree to the terms of storage and processing of personal data.",Тизимга кириш орқали сиз шахсий маълумотларни сақлаш ва қайта ишлаш шартларига розилик билдирасиз.
auth_price_police_action,shaxsiy ma'lumotlarni saqlash va qayta ishlash shartlariga,условиями хранения и обработки персональных данных.,terms of storage and processing of personal data,шахсий маълумотларни сақлаш ва қайта ишлаш шартларига
auth_price_police_end,rozilik bildirasiz.,     ,you agree.,розилик билдирасиз.
auth_price_police_start,Tizimga kirish orqali siz,"Авторизуясь, вы соглашаетесь с","By logging in, you",Тизимга кириш орқали сиз
auth_recomment_action,Tizimga kirish,Войти в систему,Login,Тизимга кириш
auth_recomment_desc,E’lon berish uchun tizimga kirishingiz zarur,"Войдите в систему, чтобы опубликовать объявление",You need to log in to post an ad,Эълон бериш учун тизимга киришингиз зарур
auth_recomment_title,E’lon bermoqchimisiz?,Хотите опубликовать объявление?,Want to Post an Ad?,Эълон бермоқчимисиз?
auth_register_create_password,Kirish uchun parol yarating,Придумайте пароль для входа,Create a password to log in,Кириш учун парол яратинг
auth_register_password_contain_least_characters,Parol kamida 8 ta belgidan iborat bo‘lishi kerak.,Пароль должен содержать минимум 8 символов.,Password must be at least 8 characters long.,Парол камида 8 та белгидан иборат бўлиши керак.
auth_register_register,Roʻyxatdan oʻtish,Зарегистрироваться,Register,Рўйхатдан ўтиш
auth_register_repeat_password,Parolni qayta kiriting,Повторить пароль,Re-enter Password,Паролни қайта киритинг
auth_singin_title,Tizimga kirish,Войти,Login,Тизимга кириш
auth_start_confirm_with_face_id,FaceID bilan shaxsni tasdiqlash,Подтвердить личность с FaceID,Identity Verification with FaceID,ФаcеИД билан шахсни тасдиқлаш
auth_start_login_with_e_imzo,E-imzo bilan kirish,Войти с помощью ЭЦП,Sign in with E-signature,Э-имзо билан кириш
auth_start_login_with_e_imzo_error,Tizimda kirishda xatolik.Qaytadan urinib ko'ring,При входе произошла ошибка. Повторите попытку,Login error. Please try again,Тизимда киришда хатолик.Қайтадан уриниб кўринг
auth_start_login_with_eds,E-Imzo yordamida tizimga kiring,Войти с помощью ЭЦП,Sign in with E-imzo,Э-Имзо ёрдамида тизимга киринг
auth_start_login_with_face_id,FaceID bilan tizimga kiring,Войти с помощью FaceID,Sign in with FaceId,ФаcеИД билан тизимга киринг
auth_start_login_with_id_card,ID-Card bilan kirish,Войти с помощью ID-Card,Sign in with ID-Card,ИД-Cард билан кириш
auth_start_login_with_mobile_id,Mobile-ID bilan kirish,Войти с помощью Mobile-ID,Sign in with Mobile-ID,Мобиле-ИД билан кириш
auth_start_login_with_one_id,One-ID bilan kirish,Войти с помощью One-ID,Sign in with One-ID,Оне-ИД билан кириш
auth_start_singin,Tizimga kirish,Войти в систему,Login,Тизимга кириш
auth_verification_forget_password,Parolni unutdingizmi?,Забыли пароль?,Forgot your password?,Паролни унутдингизми?
billing_payment_type_credit,Kredit,Кредит,Credit,Кредит
billing_payment_type_credit_card,Kredit karta,Кредитная карта,Credit Card,Кредит карта
billing_payment_type_debit,Debit karta,Дебетовая карта,Debit Card,Дебит карта
billing_payment_type_hold,Komissiya,Комиссия,Commission,Комиссия
billing_payment_type_hold_cancelled,Bloklangan mablag‘ yechildi,Заблокированные средства были разблокированы.,Blocked amount released,Блокланган маблағ ечилди
billing_payment_type_hold_card,Kartadagi bloklangan mablag‘,Заблокированные средства на карте,Blocked amount on card,Картадаги блокланган маблағ
billing_payment_type_hold_card_cancelled,Kartadagi bloklangan mablag‘ yechildi,Заблокированная сумма на карте снята,Blocked amount on card released,Картадаги блокланган маблағ ечилди
billing_transaction_type_credit,Kredit,Кредит,Credit,Кредит
billing_transaction_type_credit_card,Kredit karta,Кредитная карта,Credit Card,Кредит карта
billing_transaction_type_debit,Kirim,Доход,Income,Кирим
billing_transaction_type_hold,Blokdagi mablag‘,Средства в блоке,Amount in Block,Блокдаги маблағ
billing_transaction_type_hold_cancelled,Bloklangan mablag‘ yechildi,Заблокированные средства сняты,Blocked amount released,Блокланган маблағ ечилди
billing_transaction_type_hold_card,Kartadagi bloklangan mablag‘,Заблокированные средства на карте,Blocked amount on card,Картадаги блокланган маблағ
billing_transaction_type_hold_card_cancelled,Kartadagi bloklangan mablag‘ yechildi,Заблокированные средства на снятии с карты,Blocked amount on card released,Картадаги блокланган маблағ ечилди
bottom_navigation_add_ad,Yaratish,Создать,Create,Яратиш
bottom_navigation_cart,Savat,Корзина,Cart,Сават
bottom_navigation_catalog,Kategoriyalar,Категории,Categories,Категориялар
bottom_navigation_favorite,Tanlanganlar,Избранные,Favorites,Танланганлар
bottom_navigation_home,Asosiy,Главная,Main,Асосий
bottom_navigation_more,Ko‘proq,Больше,More,Кўпроқ
bottom_navigation_profile,Profil,Профиль,Profile,Профил
card_add_title,Karta qo‘shish,Добавить карту,Add Card,Карта қўшиш
card_added_message,Karta muvaffaqiyatli qo‘shildi,Карта успешно добавлена,Card successfully added,Карта муваффақиятли қўшилди
card_deleted_message,Karta muvaffaqiyatli o‘chirildi,Карта успешно удалена,Card successfully deleted,Карта муваффақиятли ўчирилди
card_deleting_message,Kartani o‘chirishni hohlaysizmi?,Вы хотите удалить карту?,Do you want to delete the card?,Картани ўчиришни ҳоҳлайсизми?
cart_ad_remove_message,E’lonni savatdan o‘chirishni hohlaysizmi?,Хотите удалить объявление из корзины?,Do you want to remove the ad from cart?,Эълонни саватдан ўчиришни ҳоҳлайсизми?
cart_make_order,Rasmiylashtirish,Оформить,Checkout,Расмийлаштириш
cart_order_create,Rasmiylashtirish,Оформить,Checkout,Расмийлаштириш
category_ads_count,ta e‘lon,объявлений,ads,та эълон
close_title,Yopish,Закрыть,Close,Ёпиш
common_add,Qo‘shish,Добавить,Add,Қўшиш
common_all_price,Jami,Итого,Total,Жами
common_apartment,Kvartira,Квартира,Apartment,Квартира
common_apply,Qo‘llash,Применять,Apply,Қўллаш
common_bargain,Kelishiladi,Возможен торг,Negotiable,Келишилади
common_calculate_loading,Hisoblanmoqda...,Подсчет...,Calculating...,Ҳисобланмоқда...
common_cancel,Bekor qilish,Отменить,Cancel,Бекор қилиш
common_choose,Tanlash,Выбрать,Select,Танлаш
common_close,Yopish,Закрыть,Close,Ёпиш
common_comment,Izoh,Комментарий,Comment,Изоҳ
common_continue,Davom etish,Продолжить,Continue,Давом этиш
common_date,Sana,Дата,Date,Сана
common_delete,O‘chirish,Удалить,Delete,Ўчириш
common_details,Batafsil,Подробно,Details,Батафсил
common_district,Tuman,Район,District,Туман
common_doc_info,Pasport ma’lumotlari,Паспортные данные,Passport Information,Паспорт маълумотлари
common_doc_number,Pasport raqami,Номер паспорта,Passport Number,Паспорт рақами
common_doc_series,Pasport seriyasi,Паспорт серии,Passport Series,Паспорт серияси
common_download_again,Qayta yuklash,Перезагрузить,Reload,Қайта юклаш
common_edit,Tahrirlash,Редактировать,Edit,Таҳрирлаш
common_email,Elektron pochta,Эл. почта,Email,Электрон почта
common_empty_message,Hech qanday element topilmadi,Никакие элементы не найдены,No items found,Ҳеч қандай элемент топилмади
common_entrance,Kirish,Подъезд,Enter,Кириш
common_error_birth_date_not_valid,To‘g‘ri tug‘ilgan sanani kiriting,Введите правильную дату рождения,Enter correct date of birth,Тўғри туғилган санани киритинг
common_error_district_not_selected,Avval tumanni tanlang,Сначала выберите район,Select district first,Аввал туманни танланг
common_error_doc_number_not_valid,To‘g‘ri hujjat raqamini kiriting,Введите правильный номер документа,Enter correct document number,Тўғри ҳужжат рақамини киритинг
common_error_doc_series_not_valid,To‘g‘ri hujjat seriyasini kiriting,Введите правильную серию документов,Enter correct document series,Тўғри ҳужжат сериясини киритинг
common_error_email_not_valid,To‘g‘ri e-pochta manzilini kiriting,Введите действительный адрес эл. почты,Enter correct email address,Тўғри э-почта манзилини киритинг
common_error_field_is_required,Maydon to‘ldirilishi majburiy,Это поле обязательно,Field must be filled,Майдон тўлдирилиши мажбурий
common_error_message,Xatolik yuz berdi,Произошла ошибка,An error occurred,Хатолик юз берди
common_error_password,To‘g‘ri parolni kiriting,Введите правильный пароль,Enter correct password,Тўғри паролни киритинг
common_error_password_confirm,Parollar mos kelmadi,Пароли не совпадают,Passwords do not match,Пароллар мос келмади
common_error_phone_not_valid,To‘g‘ri telefon raqamini kiriting,Введите действительный номер телефона,Enter correct phone number,Тўғри телефон рақамини киритинг
common_error_price_not_valid,To‘g‘ri narx kiriting,Введите действительную цену,Enter correct price,Тўғри нарх киритинг
common_error_region_not_selected,Avval viloyatni tanlang,Сначала выберите регион,Select region first,Аввал вилоятни танланг
common_filter,Filtr,Фильтр,Filter,Фильтр
common_filter_reset,Tozalash,Сброс,Clear,Тозалаш
common_floor,Qavat,Этаж,Floor,Қават
common_gender,Jins,Пол,Gender,Жинс
common_gender_female,Ayol,Жен.,Female,Аёл
common_gender_male,Erkak,Муж.,Male,Эркак
common_home_number,Uy raqami,Номер дома,House Number,Уй рақами
common_house,Uy,Дом,House,Уй
common_installment,Bo‘lib to‘lash,Оплата в рассрочку,Installment,Бўлиб тўлаш
common_main,Asosiy,Основной,Main,Асосий
common_main_photo,Asosiy rasm,Главное фото,Main Image,Асосий расм
common_make_main_photo,Asosiy qilish,Сделать главным,Make Primary,Асосий қилиш
common_month,oy,месяц,monthly payment,ой
common_more,Ko‘proq,Подробнее,More,Кўпроқ
common_more_with_count,Yana {count} ta,Ещё {count},{count} more,Яна {cоунт} та
common_neighborhood,Mahalla,Махалля,Neighborhood,Маҳалла
common_no,Yo‘q,Нет,No,Йўқ
common_open_main,Asosiy  oynaga,На главную,To Main Screen,Асосий  ойнага
common_phone_number,Telefon raqami,Номер телефона,Phone Number,Телефон рақами
common_pinfl,JShShIR,ПИНФЛ,PINFL,ЖШШИР
common_pinfl_hint,14 belgi,14 символов,14 characters,14 белги
common_price,Narxi,Цена,Price,Нархи
common_price_from,{price}dan,От {price},from {price},{приcе}дан
common_price_to,{price}gacha,До {price},to {price},{приcе}гача
common_quantity,Soni,Количество,Quantity,Сони
common_refresh,Yangilash,Обновить,Update,Янгилаш
common_region,Viloyat,Регион,Region,Вилоят
common_reload,Qayta yuklash,Перезагрузить,Reload,Қайта юклаш
common_retake_photo,Qayta suratga olish,Переснять фото,Retake Photo,Қайта суратга олиш
common_retry,Qayta urinish,Повторить попытку,Retry,Қайта уриниш
common_save,Saqlash,Сохранить,Save,Сақлаш
common_save_changes,O‘zgarishlarni saqlash,Сохранить изменения,Save Changes,Ўзгаришларни сақлаш
common_seller_reliable,Ishonchli sotuvchi,Надежный продавец,Trusted Seller,Ишончли сотувчи
common_seller_stable,Oddiy sotuvchi,Обычный продавец,Regular Seller,Оддий сотувчи
common_seller_unreliable,Ishonchsiz sotuvchi,Ненадежный продавец,Untrusted Seller,Ишончсиз сотувчи
common_send,Yuborish,Отправить,Send,Юбориш
common_show_less,Kamroq ko‘rsatish,Показать меньше,Show Less,Камроқ кўрсатиш
common_show_more,Ko‘proq ko‘rsatish,Показать больше,Show More,Кўпроқ кўрсатиш
common_skip,O‘tkazib yuborish,Пропустить,Skip,Ўтказиб юбориш
common_street,Ko'cha,Улица,Street,Кўча
common_take_photo,Rasmga olish,Снять фото ,Take Photo,Расмга олиш
common_total_cost,Umumiy narx,Общая стоимость,Total Price,Умумий нарх
common_unfind,topilmadi,не найдено,not found,топилмади
common_yes,Ha,Да,Yes,Ҳа
create_request_title,So‘rov yaratish,Создать запрос,Create Request,Сўров яратиш
currency_euro,yevro,евро,euro,евро
currency_ruble,rubl,рубль,ruble,рубл
currency_usd,dollar,доллар,dollar,доллар
currency_uzs,so‘m,сум,sum,сўм
deposit_refill_success_message,To‘lov muvaffaqiyatli qabul qilindi,Платеж успешно получен,Payment successfully accepted,Тўлов муваффақиятли қабул қилинди
deposit_refill_title,Depozitni to‘ldirish,Пополнение депозита,Top Up Deposit,Депозитни тўлдириш
edit_title,Tahrirlash,Редактировать,Edit,Таҳрирлаш
face_id_check,Tekshirish,Проверить,Verify,Текшириш
face_id_check_image_before_sending,"Iltimos, fotosuratingizni yuborishdan oldin tekshiring","Пожалуйста, проверьте фотографию перед отправкой",Please verify your photo before sending,"Илтимос, фотосуратингизни юборишдан олдин текширинг"
face_id_doc_not_matched,Tug‘ilgan sana va pasport seriya-raqamlari muvofiq emas,Дата рождения и серийный номер паспорта не совпадают,Date of birth and passport series-number do not match,Туғилган сана ва паспорт серия-рақамлари мувофиқ эмас
face_id_error_invalid_fields,Ma'lumotlar to‘gri ekanligiga ishonch hosil qiling.,"Убедитесь, что информация верна.",Make sure the data is correct.,Маълумотлар тўгри эканлигига ишонч ҳосил қилинг.
face_id_identity_not_verified,Sizning shaxsingiz tasdiqlanmadi!,Ваша личность не подтверждена!,Your identity was not verified!,Сизнинг шахсингиз тасдиқланмади!
face_id_indentity_desc,Yuzning barcha qismlari kamera maydoniga to‘g‘ri kelishi kerak,Все части лица должны вписаться в область камеры,All parts of the face must fit in the camera field,Юзнинг барча қисмлари камера майдонига тўғри келиши керак
face_id_indentity_info,Kameraga qarang va suratga olish tugmasini bosing,Смотрите на камеру и нажмите снять фото,Look at the camera and press the capture button,Камерага қаранг ва суратга олиш тугмасини босинг
face_id_intro_camera_position,Kamerani yuzingiz to‘g‘risida turganligiga,Камера расположена строго перед лицом,Make sure the camera is facing your face correctly,Камерани юзингиз тўғрисида турганлигига
face_id_intro_face_block,"Yuzingizni to‘sib qo‘yishi mumkin bo‘lgan buyumlarni yechib qo‘ying (ko‘zoynak, bosh kiyim va boshqalar).","Лицо не перекрыто посторонними объектами (Очки, головной убор и т.д).","Remove items that may obstruct your face (glasses, headwear, etc.).","Юзингизни тўсиб қўйиши мумкин бўлган буюмларни ечиб қўйинг (кўзойнак, бош кийим ва бошқалар)."
face_id_intro_face_frame,Yuzingiz belgilangan ramkaga to‘liq joylashsin.,Лицо полностью вписывается в указанную рамку.,Make sure your face fits completely within the designated frame.,Юзингиз белгиланган рамкага тўлиқ жойлашсин.
face_id_intro_face_illumination,Yuzingizni bir tekis yoritilganligiga,Лицо освещено равномерно,Make sure your face is evenly lit,Юзингизни бир текис ёритилганлигига
face_id_intro_title,Suratga olishdan oldin quyidagilarga ishonch hosil qiling.,"Перед тем как сделать снимок,  убедитесь в том, что.",Make sure before taking the photo.,Суратга олишдан олдин қуйидагиларга ишонч ҳосил қилинг.
face_id_pinfl_not_found,Bunday JShShIRga ega shaxs topilmadi!,Человека с таким ПИНФЛ не найдено!,Person with such PINFL not found!,Бундай ЖШШИРга эга шахс топилмади!
face_id_preview,Ko‘rib chiqish,Предварительный просмотр,Review,Кўриб чиқиш
face_id_title,Face-ID orqali tizimga kirish,Войти с помощью Face-ID,Login with Face-ID,Фаcе-ИД орқали тизимга кириш
favorite_empty_description,Asosiy sahifaga o‘tish,Перейдите на главную страницу и нажмите,Go to Home Page,Асосий саҳифага ўтиш
favorite_empty_title,O‘zingiz yoqtirgan narsani qo‘shing,"Добавьте то, что понравилось",Add what you like,Ўзингиз ёқтирган нарсани қўшинг
favorite_product_title,Mahsulotlar,Продукты,Products,Маҳсулотлар
favorite_service_title,Xizmatlar,Услуги,Services,Хизматлар
favorite_title,Sevimlilar,Мои желания,Favorites,Севимлилар
hot_discounts_title,Issiq chegirmalar,Горячие скидки,Hot Deals,Иссиқ чегирмалар
identity_verification_error_data_already_linked,Ushbu shaxsiy ma’lumotlar boshqa telefon raqamiga bog‘langan!,"Это персональные данные, привязанные к другому номеру телефона!",This personal data is linked to another phone number!,Ушбу шахсий маълумотлар бошқа телефон рақамига боғланган!
identity_verification_error_user_not_found,Bu ma’lumotlar bilan foydalanuvchi topilmadi,Пользователь не найден по этим данным,User not found with this data,Бу маълумотлар билан фойдаланувчи топилмади
identity_verification_personal_data,Shaxsiy ma’lumotlarni o‘zgartirish,Изменить личные данные,Change Personal Data,Шахсий маълумотларни ўзгартириш
identity_verification_personal_data_desc,"Pasport raqami va seriyasini, tug‘ilgan sanangizni kiriting","Укажите номер и серия паспорта, дата рождения","Enter passport number and series, date of birth","Паспорт рақами ва сериясини, туғилган санангизни киритинг"
identity_verification_title,Shaxsni tasdiqlash,Подтвердить личность,Identity Verification,Шахсни тасдиқлаш
image_list_add_pick_image,Galeriyadan tanlash,Выбрать из галереи,Select from Gallery,Галериядан танлаш
image_list_add_take_photo,Rasmga olish,Сфотографировать,Take Photo,Расмга олиш
image_list_add_title,Rasm qo‘shish,Добавить фото,Add Image,Расм қўшиш
image_list_main_image,Birinchi surat e’loningiz asosiy rasmi bo‘ladi. Suratlar tartibini ularning ustiga bosib va olib o‘tish bilan o‘zgartirishingiz mumkin.,"Первое фото будет на обложке объявления. Перетащите, чтобы изменить порядок.",The first photo will be the main image of your ad. You can change the order of photos by pressing and dragging them.,Биринчи сурат эълонингиз асосий расми бўлади. Суратлар тартибини уларнинг устига босиб ва олиб ўтиш билан ўзгартиришингиз мумкин.
image_list_max_count_error,Siz ko‘pi bilan {max_count} ta rasmni qo‘shishingiz mumkin,Вы можете добавить максимум {max_count} изображений,You can add up to {max_count} images,Сиз кўпи билан {мах_cоунт} та расмни қўшишингиз мумкин
image_list_title,Rasmlar,Фото,Images,Расмлар
installment_payment,Muddatli to‘lov,Оплата в рассрочку,Installment Payment,Муддатли тўлов
installment_payment_price,{monthly_price} so‘m / {month_count} oy,{monthly_price} сум / {month_count} месяца,{monthly_price} sum / {month_count} months,{монтҳлй_приcе} сўм / {монтҳ_cоунт} ой
installment_table_payment_balance,To‘lov summasi,Сумма платежа,Payment Amount,Тўлов суммаси
installment_table_remaining_balance,Qoldiq summa,Остаточная сумма,Remaining Amount,Қолдиқ сумма
intend_page_calculate_cart_data,Intend karta ma'lumotlari hisoblanmoqda..,Расчет данных карты интенд,Intent card data is being calculated...,Интенд карта маълумотлари ҳисобланмоқда..
intend_page_intend_limit,Sizning ajratilgan limitingiz:,Ваш выделенный лимит:,Your allocated limit:,Сизнинг ажратилган лимитингиз:
intend_page_not_intend_cart_center,kartalar bo‘limiga o‘ting,зайдите в раздел карточек,go to cards section,карталар бўлимига ўтинг
intend_page_not_intend_cart_end,va Intend kartani rasmiylashtiring!,и оформите Интенд-карту!,and register Intent card!,ва Интенд картани расмийлаштиринг!
intend_page_not_intend_cart_start,Buyurtmani rasmiylashtirish uchun,Чтобы завершить заказ,To complete the order,Буюртмани расмийлаштириш учун
language_rus,Русский,Русский,Russian,Русский
language_set_title,Ilova tilini tanlang,Выберите язык приложения,Select App Language,Илова тилини танланг
language_uz_cyr,Ўзбекча,Ўзбекча,Uzbek (Cyrillic),Ўзбекча
language_uz_lat,O’zbekcha,O’zbekcha,Uzbek (Latin),Ўзбекча
language_welcome,Xush kelibsiz,Добро пожаловать,Welcome,Хуш келибсиз
link_title,link,связь,link,линк
login_with_family_credit_date,Sana,Дата,Date,Сана
login_with_phone_number_error,Raqam yoki parol noto‘g‘ri,Номер или пароль неверен,Incorrect number or password,Рақам ёки парол нотўғри
message_bad_request_error,So‘rovni bajarishda xatolik yuz berdi,Произошла ошибка при обработке запроса,Error executing request,Сўровни бажаришда хатолик юз берди
message_changes_saving_failed,O‘zgarishlarni saqlashda xatolik yuz berdi,Произошла ошибка при сохранении изменений,Error saving changes,Ўзгаришларни сақлашда хатолик юз берди
message_changes_saving_success,O‘zgarishlar muvaffaqiyatli saqlandi,Изменения успешно сохранены,Changes successfully saved,Ўзгаришлар муваффақиятли сақланди
message_connection_error,"Iltimos, internetingizni tekshiring, serverga ulanib bo‘lmadi","Пожалуйста, проверьте свой Интернет, не удалось подключиться к серверу","Please check your internet connection, couldn't connect to server","Илтимос, интернетингизни текширинг, серверга уланиб бўлмади"
message_forbidden_error,So‘rovni bajarib bo‘lmadi. Iltimos keyinroq qayta urinib ko‘ring,"Не удалось выполнить запрос. Пожалуйста, повторите попытку позже",Request could not be completed. Please try again later,Сўровни бажариб бўлмади. Илтимос кейинроқ қайта уриниб кўринг
message_internal_server_error,So‘rovni ko‘rib chiqishda serverda xatolikka yuz berdi. Server qayta ishga tushirilayotgan bo‘lishi mumkin. Iltimos birozdan keyin qayta urinib ko‘ring,"На сервере произошла ошибка при обработке запроса. Возможно, сервер перезагружается. Пожалуйста, повторите попытку позже",Server error occurred while processing request. Server may be restarting. Please try again shortly,Сўровни кўриб чиқишда серверда хатоликка юз берди. Сервер қайта ишга туширилаётган бўлиши мумкин. Илтимос бироздан кейин қайта уриниб кўринг
message_not_found_error,So‘rovni ko‘rib chiqish uchun serverda kerakli resurs topilmadi. Server qayta ishga tushirilayotgan bo‘lishi mumkin. Iltimos birozdan keyin qayta urinib ko‘ring,"Серверу не удалось найти необходимый ресурс для обработки запроса. Возможно, сервер перезагружается. Пожалуйста, повторите попытку позже",Required resource not found on server to process request. Server may be restarting. Please try again shortly,Сўровни кўриб чиқиш учун серверда керакли ресурс топилмади. Сервер қайта ишга туширилаётган бўлиши мумкин. Илтимос бироздан кейин қайта уриниб кўринг
message_response_error,"Ma’lumotlarni qabul qilish xatolik yuz berdi. Iltimos, yana bir bor urinib ko‘ring","Произошла ошибка при получении данных. Пожалуйста, попробуйте еще раз",Error receiving data. Please try again,"Маълумотларни қабул қилиш хатолик юз берди. Илтимос, яна бир бор уриниб кўринг"
message_response_parse_error,Serverdan kutilgan strukturadagi ma’lumotlar kelmadi,Данные в ожидаемой структуре не поступили с сервера,Data from server did not come in expected structure,Сервердан кутилган структурадаги маълумотлар келмади
message_title_error,Xato,Ошибка,Error,Хато
message_title_info,Ma’lumot,Информация,Information,Маълумот
message_title_success,Muvaffaqiyatli,Успешно,Successful,Муваффақиятли
message_title_warning,Ogohlantirish,Предупреждение,Warning,Огоҳлантириш
message_unknown_error,"Xatolik ro‘y berdi. Iltimos, yana bir bor urinib ko‘ring","Произошла ошибка. Пожалуйста, попробуйте еще раз",An error occurred. Please try again,"Хатолик рўй берди. Илтимос, яна бир бор уриниб кўринг"
message_user_identity_not_verified,Shaxsingiz tasdiqlanmagan. Davom etish uchun shaxsingizni tasdiqlang.,"Ваша личность не подтверждена. Подтвердите свою личность, чтобы продолжить.",Your identity is not verified. Verify your identity to continue.,Шахсингиз тасдиқланмаган. Давом этиш учун шахсингизни тасдиқланг.
message_user_not_authorized,Siz hali tizimga kirmagansiz. Davom etish uchun tizimga kiring,"Вы еще не авторизовались. Войдите, чтобы продолжить",You are not logged in yet. Log in to continue,Сиз ҳали тизимга кирмагансиз. Давом этиш учун тизимга киринг
my_card_title,Mening kartalarim,Мои карты,My Cards,Менинг карталарим
my_requests_title,Mening so‘rovlarim,Мои Запросы,My Requests,Менинг сўровларим
no_have_notification,Sizda hech qanday bildirishnoma yoʻq,У вас нет уведомлений,You have no notifications,Сизда ҳеч қандай билдиришнома йўқ
no_you_have_card_description,Ushbu kartalar bilan siz mahsulot yoki xizmat uchun to‘lashingiz mumkin,С помощью этих карт вы можете оплатит за товар или услугу,With these cards you can pay for products or services,Ушбу карталар билан сиз маҳсулот ёки хизмат учун тўлашингиз мумкин
no_you_have_card_title,Siz hali toʻlov kartasini qoʻshmagansiz,Вы еще не добавили карту для оплаты,You haven't added a payment card yet,Сиз ҳали тўлов картасини қўшмагансиз
notification_list_total_count,Barcha xabarlar soni: ,Общее количество уведомлений: ,Total messages:,Барча хабарлар сони:
notification_list_unread_count,O‘qilmagan xabarlar soni: ,Количество непрочитанных уведомлений: ,Unread messages:,Ўқилмаган хабарлар сони:
notification_receive_email,Elektron pochta orqali,Через Эл. почту,Via Email,Электрон почта орқали
notification_receive_sms,SMS xabar,СМС собщение,SMS Message,СМС хабар
notification_receive_telegram,Telegram boti,Телеграм бот,Telegram Bot,Телеграм боти
notification_title,Bildirishnoma,Уведомление,Notification,Билдиришнома
order_cancellation_changed_idea,Fikrim o‘zgarib qoldi,Я передумал,I Changed My Mind,Фикрим ўзгариб қолди
order_cancellation_other_reason,Boshqa,Другой,Other,Бошқа
order_cancellation_selected_infcorrected_ad,Adashib buyurtma beribman,Я заказал по ошибке,I Made a Mistake with the Order,Адашиб буюртма берибман
order_cancellation_seller_not_answered,Ta’minotchi javob bermadi,Поставщик не ответил,Supplier Did Not Respond,Таъминотчи жавоб бермади
order_cancellation_title,Buyurtmani bekor qilish,Отменить заказ,Cancel Order,Буюртмани бекор қилиш
order_creation_address,Manzil,Адрес,Address,Манзил
order_creation_category,Kategoriya,Категория,Category,Категория
order_creation_deposit_refill,Depozitni to‘ldirish,Пополнение депозита,Top Up Deposit,Депозитни тўлдириш
order_creation_error_not_enough_funds_on_deposit,Depozitda mablag‘ yetarli emas,На депозите недостаточно средств,Insufficient funds in deposit,Депозитда маблағ етарли эмас
order_creation_online_description,RealPay orqali onlayn to‘lov,Онлайн оплата через RealPay,Online payment via RealPay,РеалПай орқали онлайн тўлов
order_creation_payment_method,To‘lov usuli,Способ оплаты,Payment Method,Тўлов усули
order_creation_payment_with_cash,Naqd pul,Наличними,Cash,Нақд пул
order_creation_payment_with_deposit,Depozit karta,Депозитная карта,Deposit Card,Депозит карта
order_creation_price,Narxi,Цена,Price,Нархи
order_creation_register,Rasmiylashtirish,оформление,Checkout,Расмийлаштириш
order_creation_title,Rasmiylashtirish,Оформить,Checkout,Расмийлаштириш
order_creation_total_price,Jami,Итого,Total,Жами
order_empty_message_accepted,Sizda hozircha qabul qilingan buyurtma yo‘q!,У вас пока нет принятых заказов!,You don't have any accepted orders yet!,Сизда ҳозирча қабул қилинган буюртма йўқ!
order_empty_message_all,Siz hali birorta ham buyurtma bermadingiz!,Вы ещё не сделали заказов!,You haven't placed any orders yet!,Сиз ҳали бирорта ҳам буюртма бермадингиз!
order_empty_message_cancelled,Sizda hozircha bekor qilingan buyurtma yo‘q!,У вас пока нет отмененных заказов!,You don't have any canceled orders yet!,Сизда ҳозирча бекор қилинган буюртма йўқ!
order_empty_message_in_progress,Sizda hozircha ko‘rib chiqilayotgan buyurtma yo‘q!,У вас нет ожидающих объявлений!,You don't have any orders under review yet!,Сизда ҳозирча кўриб чиқилаётган буюртма йўқ!
order_empty_message_rejected,Sizda hozircha rad etilgan buyurtma yo‘q!,У вас еще нет отклоненных объявлений!,You don't have any rejected orders yet!,Сизда ҳозирча рад этилган буюртма йўқ!
order_empty_message_wait,Sizda hozircha ko‘rib chiqilayotgan buyurtma yo‘q!,У вас пока нет объявлений на рассмотрении!,You don't have any orders under review yet!,Сизда ҳозирча кўриб чиқилаётган буюртма йўқ!
order_list_title,Buyurtmalarim,Мои заказы,My Orders,Буюртмаларим
order_list_type_buy,Sotib olaman,Куплю,I Buy,Сотиб оламан
order_list_type_sell,Sotaman,Продаю,I Sell,Сотаман
order_need_product,Mahsulot kerak,Нужен товар,Product Needed,Маҳсулот керак
order_need_service,Xizmat kerak,Нужна услуга,Service Needed,Хизмат керак
payment_filter_all,Hammasi,Все,All,Ҳаммаси
payment_filter_from_date,Dan:,От:,From:,Дан:
payment_filter_payment_method,To‘lov usuli,Способ оплаты,Payment Method,Тўлов усули
payment_filter_payment_type,To‘lov turi,Тип оплаты,Payment Type,Тўлов тури
payment_filter_status,Holat,Статус,Status,Ҳолат
payment_filter_to_date,Gacha:,До:,To:,Гача:
payment_filter_type,Turi,Тип,Type,Тури
payment_title,To‘lovlar,Платежи,Payments,Тўловлар
plan_installments_empty_price,Boshlang‘ich to‘lov majburiy emas,Первоначальный взнос не обязателен,Initial payment is not required,Бошланғич тўлов мажбурий эмас
plan_installments_minimum_price,{price}dan va yuqori,От {price} и выше,from {price} and above,{приcе}дан ва юқори
plan_installments_monthly_price,Oylik to‘lov,Ежемесячная плата,Monthly Payment,Ойлик тўлов
plan_installments_start_date,Birinchi to‘lov sanasi,Дата первого платежа,First Payment Date,Биринчи тўлов санаси
plan_installments_start_price,Boshlang‘ich to‘lov,Первый платеж,Initial Payment,Бошланғич тўлов
plan_installments_table_title,To‘lov jadvali,График оплаты,Payment Schedule,Тўлов жадвали
popular_categories_title,Ommabop kategoriyalar,Популярные категории,Popular Categories,Оммабоп категориялар
popular_products,Ommabop mahsulotlar,Популярные продукты,Popular Products,Оммабоп маҳсулотлар
popular_services,Ommabop xizmatlar,Популярные услуги,Popular Services,Оммабоп хизматлар
products_title,Mahsulotlar,Продукты,Products,Маҳсулотлар
profile_change_language,Tilni o‘zgartirish,Изменить язык,Change Language,Тилни ўзгартириш
profile_change_to_business,Biznesga o‘tish,Поменять на бизнес,Switch to Business,Бизнесга ўтиш
profile_comparison,Taqqoslash ro‘yxati,Список сравнения,Comparison List,Таққослаш рўйхати
profile_dark_mode,Tungi rejim,Ночной режим,Night Mode,Тунги режим
profile_edit_apartment,Kvartira,Квартира,Apartment,Квартира
profile_edit_brith_date,Tug‘ilgan sana,Дата рождения,Date of Birth,Туғилган сана
profile_edit_change_personal_data,Shaxsiy ma‘lumotlarni o‘zgartiring,Изменить личные данные,Change your personal data,Шахсий маълумотларни ўзгартиринг
profile_edit_full_biometric,"Pasport raqami va seriyasini, tug‘ilgan sanasini ko‘rsating","Укажите номер и серия паспорта, дата рождения","Provide passport number and series, date of birth","Паспорт рақами ва сериясини, туғилган санасини кўрсатинг"
profile_edit_title,Tahrirlash,Изменить,Edit,Таҳрирлаш
profile_edit_unfull_information,Ma‘lumotlarni to‘liq kiriting,Введите данные полностью,Enter complete information,Маълумотларни тўлиқ киритинг
profile_edit_user_name,Ism,Имя,First Name,Исм
profile_edit_user_username,Foydalanuvchi nomi,Имя пользователя,Username,Фойдаланувчи номи
profile_fill_wallet,Hamyonni to‘ldiring,Наполните кошелек,Top Up Wallet,Ҳамённи тўлдиринг
profile_identified,Shaxsingiz tasdiqlangan,Идентифицирован,Your identity is verified,Шахсингиз тасдиқланган
profile_identify,Shaxsni tasdiqlash,Идентифицировать,Identity Verification,Шахсни тасдиқлаш
profile_logout,Chiqish,Выйти,Exit,Чиқиш
profile_logout_description,Tizimdan chiqishni hohlaysizmi?,Вы хотите выйти из системы?,Do you want to log out?,Тизимдан чиқишни ҳоҳлайсизми?
profile_logout_title,Tizimdan chiqish,Выйти,Logout,Тизимдан чиқиш
profile_message,Xabar,Сообщение,Message,Хабар
profile_my_address,Mening manzillarim,Мои адреса,My Addresses,Менинг манзилларим
profile_my_ads,Mening e‘lonlarim,Мои объявления,My Ads,Менинг эълонларим
profile_my_balans,Mening balansim:,Мой баланс:,My Balance:,Менинг балансим:
profile_my_card,Mening kartalarim,Мои карты,My Cards,Менинг карталарим
profile_not_identified,Shaxsingiz tasdiqlanmagan,Не идентифицирован,Your identity is not verified,Шахсингиз тасдиқланмаган
profile_notification,Bildirishnoma,Уведомление,Notification,Билдиришнома
profile_orders,Buyurtmalar,Заказы,Orders,Буюртмалар
profile_payment,To‘lovlar,Платежи,Payments,Тўловлар
profile_personal_data,Shaxsiy ma‘lumotlar,Личные данные,Personal Data,Шахсий маълумотлар
profile_private_person,Jismoniy shaxs,Частное лицо,Individual,Жисмоний шахс
profile_promotions,Aktsiyalar,Продвижения,Promotions,Акциялар
profile_settings,Sozlamalar,Настройки,Settings,Созламалар
profile_social_facebook_link_title,Facebook profili havolasi,Ссылка на профиль Facebook,Facebook Profile Link,Facebook профили ҳаволаси
profile_social_facebook_open_app,Facebookni ochish,Открыть Facebook,Open Facebook,Facebookни очиш
profile_social_facebook_step_first,Facebookni sozlamalar bo‘limiga o‘ting,Зайдите в настройки Facebook,Go to Facebook settings,Facebookни созламалар бўлимига ўтинг
profile_social_facebook_step_second,O‘ng yuqori burchagida joylashgan profil rasmingizga yoki ismingizga bosing. Paydo bo‘lgan menyudan Profilni ko‘rishni tanlang.,Нажмите на изображение своего профиля или имя в правом верхнем углу. В появившемся меню выберите «Просмотреть профиль».,"Click on your profile picture or name in the upper right corner. From the menu that appears, select View Profile.",Ўнг юқори бурчагида жойлашган профил расмингизга ёки исмингизга босинг. Пайдо бўлган менюдан Профилни кўришни танланг.
profile_social_facebook_step_third,Manzil panelida profil havolani ko‘rasiz. Masalan: 'https://www.facebook.com/FOYDALANUVCHINOMI' ko‘rinishida bo‘ladi.,"В адресной строке вы увидите ссылку на профиль. Например, это будет выглядеть так: «https://www.facebook.com/USERNAME».",You will see the profile link in the address bar. For example: it will be in the form 'https://www.facebook.com/USERNAME'.,Манзил панелида профил ҳаволани кўрасиз. Масалан: 'https://www.facebook.com/FOYDALANUVCHINOMI' кўринишида бўлади.
profile_social_instagram_link_title,Instagram profili havolasi,Ссылка на профиль Instagram,Instagram Profile Link,Instagram профили ҳаволаси
profile_social_instagram_open_app,Instagramni ochish,Открыть Instagram,Open Instagram,Instagramни очиш
profile_social_instagram_step_first,Instagramni profil bo‘limiga o‘ting,Зайдите в свой профиль в Instagram,Go to Instagram profile section,Instagramни профил бўлимига ўтинг
profile_social_instagram_step_secoond,Profilingizni ochish uchun o‘ng pastdagi profil belgisiga bosing yoki profil nomingizga bosing.,"Чтобы открыть свой профиль, щелкните значок профиля в правом нижнем углу или щелкните имя своего профиля.",Click on the profile icon in the lower right to open your profile or click on your profile name.,Профилингизни очиш учун ўнг пастдаги профил белгисига босинг ёки профил номингизга босинг.
profile_social_instagram_step_third,"Profil sahifangizga yo‘naltirilganingizdan so‘ng, brauzerning manzil panelida profil havolasini ko‘rasiz. Umumiy ravishda, 'https://www.instagram.com/FOYDALANUVCHINOMI' ko‘rinishida bo‘ladi.","Как только вы будете перенаправлены на страницу своего профиля, вы увидите ссылку на профиль в адресной строке браузера. Обычно это выглядит так: https://www.instagram.com/USERNAME.","After you are redirected to your profile page, you will see the profile link in the browser's address bar. Generally, it will be in the form 'https://www.instagram.com/USERNAME'.","Профил саҳифангизга йўналтирилганингиздан сўнг, браузернинг манзил панелида профил ҳаволасини кўрасиз. Умумий равишда, 'https://www.instagram.com/FOYDALANUVCHINOMI' кўринишида бўлади."
profile_social_step_first,Birinchi qadam:,Первый шаг:,First Step:,Биринчи қадам:
profile_social_step_second,Ikkinchi qadam:,Второй шаг:,Second Step:,Иккинчи қадам:
profile_social_step_third,Uchinchi qadam:,Третий шаг:,Third Step:,Учинчи қадам:
profile_social_telegram_link_title,Telegram profil havolasi,Ссылка на профиль Telegram,Telegram Profile Link,Телеграм профил ҳаволаси
profile_social_telegram_open_app,Telegramni ochish,Открыть Telegram,Open Telegram,Телеграмни очиш
profile_social_telegram_step_first,Telegramni sozlamalar bo‘limiga o‘ting,Зайдите в настройки Telegram,Go to Telegram settings,Телеграмни созламалар бўлимига ўтинг
profile_social_telegram_step_second,Telegram profilining foydalanuvchi nomini olishingiz kerak. Bu nom foydalanuvchining profilida @ belgisi bilan boshlanadigan nomdir. Masalan: @username.,"Вам необходимо получить имя пользователя профиля Telegram. Это имя — это имя, которое начинается с символа @ в профиле пользователя. Например: @имя_пользователя.",You need to get your Telegram profile username. This name is the name that starts with @ symbol in the user's profile. For example: @username.,Телеграм профилининг фойдаланувчи номини олишингиз керак. Бу ном фойдаланувчининг профилида @ белгиси билан бошланадиган номдир. Масалан: @усернаме.
profile_social_telegram_step_third,Havolasini yaratishda https://t.me/ so‘zidan keyin foydalanuvchining username’ini qo‘shish kerak. Masalan: https://t.me/username.,При создании ссылки необходимо после слова https://t.me/ добавить логин пользователя. Например: https://t.me/имя_пользователя.,"When creating a link, you need to add the username after https://t.me/. For example: https://t.me/username.",Ҳаволасини яратишда https://t.me/ сўзидан кейин фойдаланувчининг усернамеъини қўшиш керак. Масалан: https://t.me/username.
profile_social_youtube_link_title,YouTube profili havolasi,Ссылка на профиль YouTube,YouTube Profile Link,YouTube профили ҳаволаси
profile_social_youtube_open_app,YouTubeni ochish,Открыть YouTube,Open YouTube,YouTubeни очиш
profile_social_youtube_step_first,Youtubeni sozlamalar bo‘limiga o‘ting,Зайдите в настройки YouTube,Go to YouTube settings,Youtubeни созламалар бўлимига ўтинг
profile_social_youtube_step_second,Profil rasmingizni bosing va paydo bo‘lgan menyudan Mening kanalimni tanlang.,Нажмите на изображение своего профиля и в появившемся меню выберите «Мой канал».,Click your profile picture and select My Channel from the menu that appears.,Профил расмингизни босинг ва пайдо бўлган менюдан Менинг каналимни танланг.
profile_social_youtube_step_third,Manzil panelida profil havolani ko‘rasiz. Masalan: 'https://www.youtube.com/c/FOYDALANUVCHINOMI' ko‘rinishida bo‘ladi.,"В адресной строке вы увидите ссылку на профиль. Например, это будет выглядеть так: «https://www.youtube.com/c/USERNAME».",You will see the profile link in the address bar. For example: it will be in the form 'https://www.youtube.com/c/USERNAME'.,Манзил панелида профил ҳаволани кўрасиз. Масалан: 'https://www.youtube.com/c/FOYDALANUVCHINOMI' кўринишида бўлади.
profile_title,Profil,Профиль,Profile,Профил
profile_user_date_of_birth,Tug‘ilgan kuni,Дата рождения,Date of Birth,Туғилган куни
profile_user_date_of_doc_validity,Pasport ma‘lumoti,Паспортные данные,Passport Information,Паспорт маълумоти
profile_user_name,Foydalanuvchi nomi,Имя пользователя,Username,Фойдаланувчи номи
profile_user_neighborhood,Turar joy,Махалля,Residence,Турар жой
profile_view_titlle,Profil,Профиль,Profile,Профил
recently_viewed_title,Yaqinda ko‘rilgan,Недавно посмотренные,Recently Viewed,Яқинда кўрилган
report_action_block_ad,E’lonni bloklash,Блокировать объявление,Block Ad,Эълонни блоклаш
report_action_block_user,Foydalanuvchini bloklash,Заблокировать пользователя,Block User,Фойдаланувчини блоклаш
report_action_send_report,Shikoyat yuborish,Отправить жалобу,Send Report,Шикоят юбориш
report_ads_block_desc,Haqiqatan ham ushbu e’lonni bloklashni xohlaysizmi? Bloklash sababini tanlang:,Вы действительно хотите заблокировать это объявление? Выберите причину блокировки:,Do you really want to block this ad? Select the reason for blocking:,Ҳақиқатан ҳам ушбу эълонни блоклашни хоҳлайсизми? Блоклаш сабабини танланг:
report_ads_block_title,E’lonni bloklash,Блокировка объявления,Block Ad,Эълонни блоклаш
report_ads_report_desc,Ushbu e’lon qoidalarni buzadi deb o‘ylaysizmi? Shikoyat sababini tanlang:,"Считаете, что данное объявление нарушает правила? Выберите причину жалобы:",Do you think this ad violates the rules? Select the reason for complaint:,Ушбу эълон қоидаларни бузади деб ўйлайсизми? Шикоят сабабини танланг:
report_ads_report_title,E’londan shikoyat qilish,Жалоба на объявление,Report Ad,Эълондан шикоят қилиш
report_reason_fraud,Firibgarlik,Мошенничество,Fraud,Фирибгарлик
report_reason_inappropriate_content,Nomaqbul kontent,Нежелательный контент,Inappropriate Content,Номақбул контент
report_reason_insult_or_threats,Haqorat yoki tahdidlar,Оскорбление или угрозы,Insults or Threats,Ҳақорат ёки таҳдидлар
report_reason_irrelevant_ads,Aktual bo‘lmagan e’lonlar,Неактуальные объявления,Irrelevant Ads,Актуал бўлмаган эълонлар
report_reason_other,Boshqa,Другое,Other,Бошқа
report_reason_prohibited_goods_services,Taqiqlangan mahsulotlar / xizmatlar,Запрещенные товары / услуги,Prohibited Products / Services,Тақиқланган маҳсулотлар / хизматлар
report_reason_prohibited_service,Taqiqlangan xizmat,Запрещенная услуга,Prohibited Service,Тақиқланган хизмат
report_reason_spam,Spam,Спам,Spam,Спам
report_success_message,Sizning so‘rovingiz ko‘rib chiqish uchun yuborildi.,Ваш запрос отправлен на рассмотрение.,Your request has been sent for review.,Сизнинг сўровингиз кўриб чиқиш учун юборилди.
report_user_block_desc,Ushbu foydalanuvchini bloklashni xohlaysizmi? Bloklash sababini tanlang:,Вы хотите заблокировать этого пользователя? Выберите причину блокировки:,Do you want to block this user? Select the reason for blocking:,Ушбу фойдаланувчини блоклашни хоҳлайсизми? Блоклаш сабабини танланг:
report_user_block_title,Foydalanuvchini bloklash,Блокировка пользователя,Block User,Фойдаланувчини блоклаш
report_user_report_desc,"Sizningcha, ushbu foydalanuvchi qoidalarni buzadimi? Shikoyat sababini tanlang:","Считаете, что данный пользователь нарушает правила? Выберите причину жалобы:",Do you think this user violates the rules? Select the reason for complaint:,"Сизнингча, ушбу фойдаланувчи қоидаларни бузадими? Шикоят сабабини танланг:"
report_user_report_title,Foydalanuvchidan shikoyat qilish,Жалоба на пользователя,Report User,Фойдаланувчидан шикоят қилиш
request_title,So‘rovlar,Запросы,Requests,Сўровлар
search_hint_category,Kategoriya bo‘yicha izlash,Поиск по категории,Search by Category,Категория бўйича излаш
search_hint_category_and_products,Mahsulotlar va kategoriyalar qidiring,Искать товары и категории,Search for products and categories,Маҳсулотлар ва категориялар қидиринг
search_initial_message,Qidiruvni boshlash uchun so‘rovni kiriting,"Введите запрос, чтобы начать поиск",Enter a query to start searching,Қидирувни бошлаш учун сўровни киритинг
selection_ad_transaction_type_title,E’lon turini tanlang,Выберите тип объявления,Select Ad Type,Эълон турини танланг
selection_currency_title,Pul birligini tanlang,Выберите валюту,Select Currency,Пул бирлигини танланг
selection_delivery_districts_title,Yetkazib berish hududlarini tanlang,Выберите регионы доставки,Select Delivery Areas,Етказиб бериш ҳудудларини танланг
selection_payment_type_title,To‘lov turlarini tanlang,Выберите типы оплаты,Select Payment Types,Тўлов турларини танланг
selection_pickup_addresses_title,Olib ketish manzillarini tanlang,Выберите адреса самовывоза,Select Pickup Addresses,Олиб кетиш манзилларини танланг
selection_unit_title,O‘lchov turini tanlang,Выберите единицу измерения,Select Measurement Type,Ўлчов турини танланг
selection_user_address_title,Manzilni tanlang,Выберите адрес,Select Address,Манзилни танланг
send_report_actions_title,Shikoyat yuborish,Отправить жалобу,Send Report,Шикоят юбориш
services_title,Xizmatlar,Услуги,Services,Хизматлар
set_intro_choose_later,Keyinroq tanlash,Выбрать позже,Choose Later,Кейинроқ танлаш
set_intro_region_description,"Sizga eng qulay bo‘lgan e’lonlarni topich uchun, iltimos hududingizni tanlang.","Чтобы вам было легче найти более подходящие объявления, пожалуйста укажите свой регион.","To find the most convenient ads for you, please select your region.","Сизга энг қулай бўлган эълонларни топич учун, илтимос ҳудудингизни танланг."
set_intro_region_select_button,Hududni tanlash,Выбрать регион,Select Region,Ҳудудни танлаш
set_intro_region_title,Hududingizni tanlang,Выберите свой регион,Select Your Region,Ҳудудингизни танланг
set_region_description,"Iltimos, hududingizni tanlang. Biz sizni hududingizga mos keladigan 
e’lonlarni ko'rsatamiz.","Пожалуйста, выберите свой регион. Мы покажем объявления по выбранному вами региону.","Please select your region. We will show you
ads relevant to your region.","Илтимос, ҳудудингизни танланг. Биз сизни ҳудудингизга мос келадиган 
эълонларни кўрсатамиз."
set_region_selected_name,Butun O‘zbekiston bo‘yicha,По всему Узбекистану,Throughout Uzbekistan,Бутун Ўзбекистон бўйича
set_region_title,Hududingizni tanlang,Выберите свой регион,Select Your Region,Ҳудудингизни танланг
settings_active_devices,Faol qurilmalar,Активные устройства,Active Devices,Фаол қурилмалар
settings_change_password,Parolni o‘zgartirish,Поменять пароль,Change Password,Паролни ўзгартириш
settings_receive_notification,Bildirishnomani qanday olish mumkin,Способ получения уведомления,How to receive notifications,Билдиришномани қандай олиш мумкин
settings_social_network,Mening ijtimoiy tarmoqlarim,Мои соц.сети,My Social Networks,Менинг ижтимоий тармоқларим
settings_title,Sozlamalar,Настройки,Settings,Созламалар
similar_product_title,O‘xshash mahsulotlar,Похожие продукты,Similar Products,Ўхшаш маҳсулотлар
sm_installment_error_title,Muddatli to‘lov ma'lumotlari yuklashda xatolik yuz berdi. Iltimos qayta urinib ko‘ring,"""Не удалось загрузить информацию об оплате в рассрочку. Пожалуйста, попробуйте еще раз""",Error loading installment payment information. Please try again,Муддатли тўлов маълумотлари юклашда хатолик юз берди. Илтимос қайта уриниб кўринг
telegram_bot_description,Bot orqali bildirishnomalarni olish uchun siz botga ulangan bo‘lishingiz kerak,"Вы должны быть подключены, чтобы получать уведомления от ботов.","To receive notifications via bot, you must be connected to the bot",Бот орқали билдиришномаларни олиш учун сиз ботга уланган бўлишингиз керак
theme_mode_dark_mode,Qorong‘i rejim,Темный режим,Dark Mode,Қоронғи режим
theme_mode_light_mode,Yorug‘ rejim,Светлый режим,Light Mode,Ёруғ режим
theme_mode_system,Telefondagi kabi,Как на телефоне,Same as Phone,Телефондаги каби
user_ad_action_view,E’lonni ko‘rish,Просмотреть объявление,View Ad,Эълонни кўриш
user_ad_detail_remainder,Qolgan,Остаток,Remaining,Қолган
user_ad_status_active,Ushbu e’lon chop etilgan,Это объявление опубликовано,This ad has been published,Ушбу эълон чоп этилган
user_ad_status_cancelled,Ushbu e’lon bekor qilingan,Это объявление отменено,This ad has been canceled,Ушбу эълон бекор қилинган
user_ad_status_inactive,Ushbu e’lon nofaol,Это объявление не активно,This ad is inactive,Ушбу эълон нофаол
user_ad_status_rejected,Ushbu e’lon rad etilgan,Это объявление отклонено,This ad has been rejected,Ушбу эълон рад этилган
user_ad_status_wait,Ushbu e’lon ko‘rib chiqilishi kutilmoqda,Это объявление на рассмотрении,This ad is awaiting review,Ушбу эълон кўриб чиқилиши кутилмоқда
user_address_actions_title,Manzilga bilan bog‘liq amallar,Действия с адресом,Actions related to address,Манзилга билан боғлиқ амаллар
user_address_add_title,Yangi manzil qo‘shish,Добавить новый адрес,Add New Address,Янги манзил қўшиш
user_address_address,Manzil:,Адрес:,Address:,Манзил:
user_address_edit_title,Manzilni tahrirlash,Редактировать адрес,Edit Address,Манзилни таҳрирлаш
user_address_get_location,Joylashuvni aniqlash,Определить местоположение,Determine Location,Жойлашувни аниқлаш
user_address_location,Joylashuvni tanlang,Выберите локацию,Select Location,Жойлашувни танланг
user_address_my_address,Mening manzillarim,Мои адреса,My Addresses,Менинг манзилларим
user_address_name,Manzil nomi,Название адреса,Address Name,Манзил номи
user_address_taken_location,Aniqlangan joylashuv,Полученный местоположения,Determined Location,Аниқланган жойлашув
user_ads_actions_title,E’longa bilan bog‘liq amallar,Действия с объявлением,Actions related to ad,Эълонга билан боғлиқ амаллар
user_ads_active,Chop etilgan,Опубликованый,Published,Чоп этилган
user_ads_all,Barchasi,Все,All,Барчаси
user_ads_cancelled,Bekor qilingan,Отменено,Canceled,Бекор қилинган
user_ads_inactive,Nofaol,Неактивный,Inactive,Нофаол
user_ads_rejected,Rad etilgan,Отклоненный,Rejected,Рад этилган
user_ads_status_changing_failed,E’lonni holatini o‘zgartirishda xatolik yuz berdi,Произошла ошибка при изменении статуса объявления,Error changing ad status,Эълонни ҳолатини ўзгартиришда хатолик юз берди
user_ads_status_successfully_changed,E’lonni holati muvaffaqiyatli o‘zgartirildi,Статус объявления успешно изменен,Ad status successfully changed,Эълонни ҳолати муваффақиятли ўзгартирилди
user_ads_title,E‘lonlar,Объявления,Ads,Эълонлар
user_ads_wait,Kutilmoqda,В ожидании,Pending,Кутилмоқда
user_card_deposit_card_name,Depozit karta,Депозитная карта,Deposit Card,Депозит карта
user_card_deposit_card_pan,online-bozor.uz,online-bozor.uz,online-bozor.uz,online-bozor.uz
user_order_accepted,Qabul qilingan,Принято,Accepted,Қабул қилинган
user_order_active,Faol,Активный,Active,Фаол
user_order_all,Barchasi,Все,All,Барчаси
user_order_cancelled,Bekor qilingan,Отменено,Canceled,Бекор қилинган
user_order_in_progress,Ko‘rib chiqilmoqda,На рассмотрении,Under Review,Кўриб чиқилмоқда
user_order_inactive,Nofaol,Неактивный,Inactive,Нофаол
user_order_rejected,Rad etilgan,Отклоненный,Rejected,Рад этилган
user_order_wait,Kutilmoqda,В ожидании,Pending,Кутилмоқда
login_error,"Login yoki parol noto‘g‘ri. Iltimos, tekshirib qaytadan urinib ko‘ring.","Логин или пароль введены неверно. Пожалуйста, проверьте и попробуйте снова.",Incorrect login or password. Please check and try again.,"Логин ёки парол нотўғри. Илтимос, текшириб қайтадан уриниб кўринг."
register_warning_message,"Hurmatli foydalanuvchi, ushbu funksionallikdan foydalanishingiz uchun siz to‘liq ro‘yxatdan o‘tishingiz kerak.","Уважаемый пользователь, чтобы воспользоваться данной функциональностью, вам необходимо пройти полную регистрацию.","Dear user, to use this functionality you need to complete full registration.","Ҳурматли фойдаланувчи, ушбу функционалликдан фойдаланишингиз учун сиз тўлиқ рўйхатдан ўтишингиз керак."
diqqat,Diqqat!,Внимание!,Attention!,Диққат!
full_register,To‘liq ro‘yxatdan o‘tish,Полная регистрация,Complete Full Registration,Тўлиқ рўйхатдан ўтиш
full_name,To‘liq ism va familiya,"Полное имя и фамилия.
",Full Name,Тўлиқ исм ва фамилия
select_region,Viloyat tanlang,Выберите область,Select Region,Вилоят танланг
select_district,Tuman tanlang,Выберите район,Select District,Туман танланг
governor_assistant,Hokim yordamchisi,Помощник хокима,Governor's Assistant,Ҳоким ёрдамчиси
women_committee_activist,Xotin qizlar faoli,Активистка женского совета,Women's Activist,Хотин қизлар фаоли
other,Boshqa,Другое,Other,Бошқа
who_recommended,Kim tavsiya qildi,Кто порекомендовал,Who Recommended,Ким тавсия қилди
select_mahalla,Mahalla tanlang,Выберите махаллю,Select Neighborhood,Маҳалла танланг
ad_creation_service_name,Xizmat nomi,Название услуги,Service Name,Хизмат номи
congratulations,Tabriklaymiz!,Поздравляем!,Congratulations!,Табриклаймиз!
ad_success_posted,"Hurmatli foydalanuvchi, e’loningiz muvaffaqiyatli joylashtirildi.","Уважаемый пользователь, ваше объявление успешно размещено.","Ҳурматли фойдаланувчи, эълонингиз муваффақиятли жойлаштирилди.","Ҳурматли фойдаланувчи, эълонингиз муваффақиятли жойлаштирилди."
identification_part1,Identifikatsiyadan o‘tish bo‘yicha ko‘rsatmalar! ,Инструкции по прохождению идентификации!,Instructions for Identification!,Идентификациядан ўтиш бўйича кўрсатмалар!
identification_part2,Suratga tushishdan oldin quyidagilarga e’tibor bering:,Перед фотографированием обратите внимание на следующее:,"Before taking a photo, please pay attention to the following:",Суратга тушишдан олдин қуйидагиларга эътибор беринг:
identification_part3,Yuzingiz ramkaga to‘liq sig‘sin;,Ваше лицо должно полностью помещаться в рамку;,Make sure your face fully fits within the frame;,Юзингиз рамкага тўлиқ сиғсин;
identification_part4,"Ko‘zoynak, bosh kiyim va boshqa yuzni to‘suvchi buyumlarni yeching;","Снимите очки, головной убор и другие предметы, закрывающие лицо;","Remove glasses, hats, and any other items covering your face;","Кўзойнак, бош кийим ва бошқа юзни тўсувчи буюмларни ечинг;"
identification_part5,Yuzingiz bir tekis yoritilganligiga e’tibor bering;,"Убедитесь, что лицо равномерно освещено;",Ensure your face is evenly lit;,Юзингиз бир текис ёритилганлигига эътибор беринг;
identification_part6,Kamera yuzingizning to‘g‘risida turganligiga e’tibor bering.,Камера должна быть направлена прямо на ваше лицо.,Make sure the camera is positioned directly in front of your face.,Камера юзингизнинг тўғрисида турганлигига эътибор беринг.
daryo_uz,uz,ru,en,uzk
lan,O'zbek,Русский,English,Ўзбек
login_to_personal_account,Shaxsiy kabinetga kirish,Войти в личный кабинет,Login to personal account,Шахсий кабинетга кириш
enter_email_and_password,Kirish uchun e-mail va parolingizni yozing,Введите e-mail и пароль для входа,Enter your email and password to login,Кириш учун э-маил ва паролингизни ёзинг
enter_email_address,Elektron manzilni kiriting,Введите электронный адрес,Enter email address,Электрон манзилни киритинг
enter_password,Parolni kiriting,Введите пароль,Enter password,Паролни киритинг
remember_me,Yodda saqlash,Запомнить меня,Remember me,Ёдда сақлаш
forgot_password,Parolni unutdingizmi?,Забыли пароль?,Forgot password?,Паролни унутдингизми?
login,Kirish,Войти,Login,Кириш
continue_with_google,Google orqali davom etish,Продолжить через Google,Continue with Google,Google орқали давом этиш
continue_with_facebook,Facebook orqali davom etish,Продолжить через Facebook,Continue with Facebook,Facebook орқали давом этиш
dont_have_account,Shaxsiy kabinetingiz yo'qmi?,У вас нет личного кабинета?,Don't have an account?,Шахсий кабинетингиз йўқми?
register,Ro'yxatdan o'ting,Зарегистрируйтесь,Register,Рўйхатдан ўтинг
incorrect_email_or_password,Siz elektron manzil yoki parolni noto'g'ri kiritdingiz!,Вы ввели неверный e-mail или пароль!,You entered an incorrect email or password!,Сиз электрон манзил ёки паролни нотўғри киритдингиз!
fill_fields_carefully,"Iltimos, kataklarni diqqat bilan to'g'ri to'ldiring","Пожалуйста, внимательно заполните поля правильно",Please fill in the fields carefully and correctly,"Илтимос, катакларни диққат билан тўғри тўлдиринг"
understood,Tushunarli,Понятно,Understood,Тушунарли
register,Ro’yxatdan o’tish,Регистрация,Register,Рўйхатдан ўтиш
fill_personal_info,Davom etish uchun shaxsiy ma’lumotlaringizni to’ldiring!,"Заполните личные данные, чтобы продолжить!",Fill in your personal information to continue!,Давом этиш учун шахсий маълумотларингизни тўлдиринг!
enter_last_name,Familiyani kiriting,Введите фамилию,Enter your last name,Фамилияни киритинг
enter_first_name,Ismni kiriting,Введите имя,Enter your first name,Исмни киритинг
enter_email,Elektron manzilni kiriting,Введите электронную почту,Enter your email,Электрон манзилни киритинг
select_birth_date,Tug’ilgan kunni tanlang,Выберите дату рождения,Select your birth date,Туғилган кунни танланг
enter_phone,Telefon raqamni kiriting,Введите номер телефона,Enter your phone number,Телефон рақамни киритинг
enter_password,Parolni kiriting,Введите пароль,Enter your password,Паролни киритинг
reenter_password,Parolni qayta kiriting,Повторите пароль,Re-enter your password,Паролни қайта киритинг
register_button,Ro’yxatdan o’tish,Зарегистрироваться,Sign Up,Рўйхатдан ўтиш
have_account,Sizda shaxsiy kabinet bormi?,У вас уже есть аккаунт?,Already have an account?,Сизда шахсий кабинет борми?
login,Tizimga kiring,Войти,Log in,Тизимга киринг
add_photo_optional,Fotosuratingizni qo‘shing,Добавьте ваше фото,Add your photo,Фотосуратингизни қўшинг
finish,Yakunlash,Завершить,Finish,Якунлаш
please_fill_all,"Iltimos, ma’lumotlarni to’liq kiritdingiz!","Пожалуйста, заполните все данные!",Please complete all information!,"Илтимос, маълумотларни тўлиқ киритдингиз!"
data_confidentiality,Ushbu ma’lumotlar Daryo.uz bazasida maxfiy saqlanadi va hech kimga oshkor qilinmaydi.,Эти данные хранятся в базе Daryo.uz и не разглашаются третьим лицам.,This information is securely stored in the Daryo.uz database and will not be disclosed to anyone.,Ушбу маълумотлар Daryo.uz базасида махфий сақланади ва ҳеч кимга ошкор қилинмайди.
forgot_password_title,Parolni unutdingizmi?,Забыл пароль?,Forgot your password?,Паролни унутдингизми?
dont_worry,Hech qisi yo’q!,Не переживайте!,No worries!,Ҳеч қиси йўқ!
we_will_restore_password,"Aslo qayg’urmang, biz sizning parolingizni tiklab beramiz.",Не волнуйтесь — мы поможем восстановить ваш пароль.,Don’t worry — we will help you restore your password.,"Асло қайғурманг, биз сизнинг паролингизни тиклаб берамиз."
enter_registered_email_instruction,Buning uchun siz ro’yxatdan o’tish vaqtida qayd qilgan elektron manzilingizni quyidagi katakga kiritishingiz lozim.,"Для этого введите адрес электронной почты, который вы указывали при регистрации, в поле ниже.","To do this, enter the email you used during registration into the field below.",Бунинг учун сиз рўйхатдан ўтиш вақтида қайд қилган электрон манзилингизни қуйидаги катакга киритишингиз лозим.
we_send_special_password_notice,Siz kiritadigan elektron manzilga biz maxsus parol yuboramiz. Ushbu parolni keyingi oynaga o’tganda kiriting.,На указанный вами адрес мы отправим специальный пароль. Введите этот пароль на следующем шаге.,We will send a special password to the email you provide. Enter it on the next screen.,Сиз киритадиган электрон манзилга биз махсус парол юборамиз. Ушбу паролни кейинги ойнага ўтганда киритинг.
legal_warning,Ogoh bo’ling! Agar siz o’zingizga tegishli bo’lmagan elektron manzilni kiritsangiz va begona kishining profilini buzib kirishga urunsangiz O’zbekiston Respublikasi qonunchiligi oldida javobgarlikka tortilishingiz mumkin.,"Внимание! Если вы введёте чужой адрес электронной почты и попытаетесь получить доступ к чужому профилю, вы можете быть привлечены к ответственности в соответствии с законодательством Республики Узбекистан.","Warning! If you enter someone else’s email and attempt to access another person’s profile, you may be held liable under the laws of the Republic of Uzbekistan.",Огоҳ бўлинг! Агар сиз ўзингизга тегишли бўлмаган электрон манзилни киритсангиз ва бегона кишининг профилини бузиб киришга урунсангиз Ўзбекистон Республикаси қонунчилиги олдида жавобгарликка тортилишингиз мумкин.
send_button,Yuborish,Отправить,Send,Юбориш
invalid_email,Siz elektron manzilni noto’g’ri kiritdingiz!,Вы неверно указали электронную почту!,You entered an incorrect email!,Сиз электрон манзилни нотўғри киритдингиз!
fill_fields_carefully,"Iltimos, kataklarni diqqat bilan to’g’ri to’ldiring","Пожалуйста, заполните поля внимательно и корректно",Please fill in the fields carefully and correctly,"Илтимос, катакларни диққат билан тўғри тўлдиринг"
reset_password_title,Parolni tiklash,Восстановление пароля,Reset password,Паролни тиклаш
enter_special_code_instruction,Avvalgi oynada siz kiritgan {email} elektron manziliga yuborilgan maxsus parolni quyidagi parol yozish katagiga kiriting.,"В предыдущем окне вы ввели адрес {email}, на который был отправлен специальный пароль. Введите его в поле ниже.","In the previous window, you entered {email}, to which a special password was sent. Enter it in the field below.",Аввалги ойнада сиз киритган {эмаил} электрон манзилига юборилган махсус паролни қуйидаги парол ёзиш катагига киритинг.
enter_special_code_label,Maxsus parolni kiriting,Введите специальный пароль,Enter special password,Махсус паролни киритинг
one_time_code_notice,Maxsus parol bir martalik!,Специальный пароль однократный!,The special password is one-time use!,Махсус парол бир марталик!
change_password_after_login_notice,"Shu bois, maxsus parol orqali profilingizga kirganingizdan so’ng uni “Profilni tahrirlash” bo’limida o’zingizga qulay bo’lganiga almashtirib qo’ying.",Поэтому после входа по специальному паролю смените его в разделе «Редактировать профиль» на удобный вам.,"Therefore, after logging in with the special password, change it to something convenient in the “Edit Profile” section.","Шу боис, махсус парол орқали профилингизга кирганингиздан сўнг уни “Профилни таҳрирлаш” бўлимида ўзингизга қулай бўлганига алмаштириб қўйинг."
restore,Tilklash,Восстановить,Restore,Тилклаш
special_password_incorrect,Siz maxsus parolni noto’g’ri kiritdingiz!,Вы ввели специальный пароль неверно!,You entered the special password incorrectly!,Сиз махсус паролни нотўғри киритдингиз!
resend_special_password,Maxsus parolni qayta yuborish,Отправить специальный пароль повторно,Resend special password,Махсус паролни қайта юбориш
next_step_hint,Ushbu parolni keyingi oynaga o’tganda kiriting.,Введите этот пароль на следующем шаге.,Enter this password on the next screen.,Ушбу паролни кейинги ойнага ўтганда киритинг.
contact_support,"Agar muammo davom etsa, iltimos, qo‘llab-quvvatlashga murojaat qiling.","Если проблема сохраняется, пожалуйста, обратитесь в службу поддержки.","If the issue persists, please contact support.","Агар муаммо давом этса, илтимос, қўллаб-қувватлашга мурожаат қилинг."
optional,Majburiy emas,Необязательно,Optional,Мажбурий эмас
or_key_word,yoki,или,or,ёки
collected_points,Yig’ilgan ballar,Набранные баллы,Collected points,Йиғилган баллар
currency_som,So’m,Сум,So'm,Сўм
my_profile,Profilim,Мой профиль,My profile,Профилим
edit,Tahrirlash,Редактировать,Edit,Таҳрирлаш
quiz_history,Viktorinalar tarixi,История викторин,Quiz history,Викториналар тарихи
subscriptions,Obunalar,Подписки,Subscriptions,Обуналар
purchased_articles,Sotib olingan maqolalar,Приобретённые статьи,Purchased articles,Сотиб олинган мақолалар
general_settings,Umumiy sozlamalar,Общие настройки,General settings,Умумий созламалар
security,Xavfsizlik,Безопасность,Security,Хавфсизлик
language,Til,Язык,Language,Тил
tariffs,Tariflar,Тарифы,Tariffs,Тарифлар
cards,Kartalar,Карты,Cards,Карталар
theme,Tema,Тема,Theme,Тема
notifications,Notification,Уведомления,Notifications,Нотифиcатион
help_support,Yordam va qo‘llab-quvvatlash,Помощь и поддержка,Help & Support,Ёрдам ва қўллаб-қувватлаш
send_feedback,Murojaat yuborish,Отправить обращение,Send feedback,Мурожаат юбориш
online_edition,Internet-nashr,Интернет-издание,Online edition,Интернет-нашр
contact_info,Aloqa ma’lumotlar,Контактная информация,Contact information,Алоқа маълумотлар
about_editorial,Tahririyat haqida,О редакции,About the editorial,Таҳририят ҳақида
terms_of_use,Foydalanish shartlari,Условия использования,Terms of use,Фойдаланиш шартлари
privacy_policy,Maxfiylik siyosati,Политика конфиденциальности,Privacy policy,Махфийлик сиёсати
news_archive,Yangiliklar arxivi,Архив новостей,News archive,Янгиликлар архиви
logout,Chiqish,Выйти,Logout,Чиқиш
edit_profile,Profilni tahrirlash,Редактировать профиль,Edit profile,Профилни таҳрирлаш
edit,Tahrirlash,Редактировать,Edit,Таҳрирлаш
profile,Profil,Профиль,Profile,Профил
change_password,Parolni o'zgartirish,Изменить пароль,Change password,Паролни ўзгартириш
update_password_description,Profilingiz parolini yangilang,Обновите пароль вашего профиля,Update your profile password,Профилингиз паролини янгиланг
biometric_login,Biometrik login,Биометрический вход,Biometric login,Биометрик логин
biometric_login_description,Biometrik ma’lumot orqali tizimga kiring,Войдите в систему с помощью биометрических данных,Log in using biometric data,Биометрик маълумот орқали тизимга киринг
login_history,Kirish tarixi,История входов,Login history,Кириш тарихи
check_login_history,Xavfsizlik uchun kirish tarixini tekshiring,Проверьте историю входов для безопасности,Check your login history for security,Хавфсизлик учун кириш тарихини текширинг
password_change_info,"Parolingiz kamida 8 ta belgidan iborat boʻlishi va raqamlar, harflar va maxsus belgilar birikmasidan iborat boʻlishi kerak (!$@%)","Ваш пароль должен содержать не менее 8 символов, включая цифры, буквы и специальные символы (!$@%)","Your password must contain at least 8 characters including numbers, letters, and special characters (!$@%)","Паролингиз камида 8 та белгидан иборат бўлиши ва рақамлар, ҳарфлар ва махсус белгилар бирикмасидан иборат бўлиши керак (!$@%)"
old_password,Eski parolni kiriting,Введите старый пароль,Enter old password,Эски паролни киритинг
new_password,Yangi parolni kiriting,Введите новый пароль,Enter new password,Янги паролни киритинг
confirm_new_password,Yangi parolni qayta kiriting,Повторите новый пароль,Re-enter new password,Янги паролни қайта киритинг
active_sessions,Faol sessiyalar,Активные сессии,Active sessions,Фаол сессиялар
this_device,Ushbu qurilma,Это устройство,This device,Ушбу қурилма
logout_other_devices,Bundan tashqari barcha qurilmalarda tizimdan chiqing,Выйти из системы на всех других устройствах,Log out from all other devices,Бундан ташқари барча қурилмаларда тизимдан чиқинг
stop_other_sessions,Boshqa barcha seanslarni to'xtating,Остановить все другие сессии,Stop all other sessions,Бошқа барча сеансларни тўхтатинг
active_sessions_alt,Faol seanslar,Активные сеансы,Active sessions,Фаол сеанслар
end_session,Seans to’xtatish,Завершить сеанс,End session,Сеанс тўхтатиш
enter_subject,Mavzuni yozing,Напишите тему,Enter subject,Мавзуни ёзинг
enter_message,Murojaat matnini yozing,Напишите текст обращения,Enter your message,Мурожаат матнини ёзинг
contact_notice,Zaruratga ko’ra bizning xodimlar siz bilan ko’rsatilgan raqam orqali aloqaga chiqishlari mumkin!,При необходимости наши сотрудники свяжутся с вами по указанному номеру!,"If necessary, our staff may contact you using the provided number!",Заруратга кўра бизнинг ходимлар сиз билан кўрсатилган рақам орқали алоқага чиқишлари мумкин!
send_request,Murojaat yuborish,Отправить обращение,Send request,Мурожаат юбориш
request_sent,Sizning so’rovingiz yuborildi!,Ваш запрос отправлен!,Your request has been sent!,Сизнинг сўровингиз юборилди!
staff_will_contact,Bizning xodimlarimiz siz bilan yaqin vaqt ichida aloqaga chiqishadi,Наши сотрудники свяжутся с вами в ближайшее время,Our staff will contact you shortly,Бизнинг ходимларимиз сиз билан яқин вақт ичида алоқага чиқишади
home_page,Asosiy sahifa,Главная страница,Home page,Асосий саҳифа
full_name,Ism Familya,Имя Фамилия,Full Name,Исм Фамиля
ip_based_geolocation,IP manzilga asoslangan geolokatsiya,Геолокация на основе IP-адреса,IP-based geolocation,ИП манзилга асосланган геолокация
app,Ilova,Приложение,Application,Илова
next,Keyingisi,Следующий,Next,Кейингиси
my_payment_cards,To‘lov kartalarim,Мои платёжные карты,My payment cards,Тўлов карталарим
current_balance,Ayni damda hisobdagi mablag‘,Текущий баланс на счету,Current account balance,Айни дамда ҳисобдаги маблағ
no_cards_available,Ayni damda sizda to‘lovlarni amalga oshirish uchun hech qanday bank kartasi mavjud emas,В данный момент у вас нет банковских карт для совершения платежей,You currently have no bank cards available for making payments,Айни дамда сизда тўловларни амалга ошириш учун ҳеч қандай банк картаси мавжуд эмас
add_card_now,Hoziroq bank kartangizni qo‘shing va ko‘pgina qulay imkoniyatlarga ega bo‘ling,Добавьте свою банковскую карту прямо сейчас и получите множество удобных возможностей,Add your bank card now and get access to many convenient features,Ҳозироқ банк картангизни қўшинг ва кўпгина қулай имкониятларга эга бўлинг
add_bank_card,Bank kartasini qo‘shish,Добавить банковскую карту,Add bank card,Банк картасини қўшиш
use_autopay_service,Avtoto‘lov xizmatidan foydalanish,Использовать услугу автоплатежа,Use autopay service,Автотўлов хизматидан фойдаланиш
autopay_description,Ushbu xizmat orqali siz tarifingiz uchun oylik abonent to‘lovi uchun kerakli mablag‘ni avtomatik tarzda kartangiz hisob raqamidan so‘ndirishingiz mumkin,С помощью этой услуги вы можете автоматически списывать ежемесячную абонентскую плату за тариф с вашего банковского счёта,"With this service, you can automatically deduct your monthly subscription fee from your bank account",Ушбу хизмат орқали сиз тарифингиз учун ойлик абонент тўлови учун керакли маблағни автоматик тарзда картангиз ҳисоб рақамидан сўндиришингиз мумкин
view_payment_history,To‘lovlar tarixini ko‘rish,Просмотр истории платежей,View payment history,Тўловлар тарихини кўриш
go_to_tariff_plans,Tarif rejalari bo‘limiga o‘tish,Перейти в раздел тарифных планов,Go to tariff plans section,Тариф режалари бўлимига ўтиш
using_payment_cards,To‘lov kartalaridan foydalanish bo‘yicha,По использованию платёжных карт,On using payment cards,Тўлов карталаридан фойдаланиш бўйича
add_new_card,Yangi bank kartasi qo‘shish,Добавить новую банковскую карту,Add new bank card,Янги банк картаси қўшиш
card_number,Kartaning raqami,Номер карты,Card number,Картанинг рақами
card_expiry_date,Kartaning amal qilish muddati,Срок действия карты,Card expiry date,Картанинг амал қилиш муддати
card_name,Kartaning nomlanishi,Название карты,Card name,Картанинг номланиши
set_as_main_card,Asosiy karta sifatida qayd qilish,Установить как основную карту,Set as main card,Асосий карта сифатида қайд қилиш
add_card,Kartani qo‘shish,Добавить карту,Add card,Картани қўшиш
cancel,Bekor qilish,Отменить,Cancel,Бекор қилиш
edit_information,Ma’lumotlarni o‘zgartirish,Изменить данные,Edit information,Маълумотларни ўзгартириш
delete_card,Kartani o‘chirish,Удалить карту,Delete card,Картани ўчириш
delete_card_confirmation,Siz to‘lovlar uchun bank kartasini o‘chiyapsiz,Вы удаляете банковскую карту для платежей,You are deleting your payment card,Сиз тўловлар учун банк картасини ўчияпсиз
are_you_sure,Ishonchingiz komilmi?,Вы уверены?,Are you sure?,Ишончингиз комилми?
confirm_delete,"Ha, o‘chirish","Да, удалить","Yes, delete","Ҳа, ўчириш"
telegram_admin,Telegram Admin,Telegram Админ,Telegram Admin,Телеграм Админ
public_offer,Ommaviy oferta,Публичная оферта,Public offer,Оммавий оферта
edit_card_information,Karta ma’lumotlarini o‘zgartirish,Изменить данные карты,Edit card information,Карта маълумотларини ўзгартириш
amount,Miqdor,Сумма,Amount,Миқдор
payment_time,To'langan vaqt,Время оплаты,Payment time,Тўланган вақт
expiration_time,Tugash vaqti,Время окончания,Expiration time,Тугаш вақти
payment_amount,To'lov miqdori,Сумма оплаты,Payment amount,Тўлов миқдори
no_subscriptions,Sizda obunalar mavjud emas!,У вас нет подписок!,You have no subscriptions!,Сизда обуналар мавжуд эмас!
subscribe_premium_text,Premium maqolalar o’qish uchun o’zingizga ma’qul bo’lgan tarif rejasini tanlang va obuna bo’ling.,"Выберите подходящий тарифный план и оформите подписку, чтобы читать премиум-статьи.",Choose a suitable plan and subscribe to read premium articles.,Премиум мақолалар ўқиш учун ўзингизга маъқул бўлган тариф режасини танланг ва обуна бўлинг.
no_purchased_articles,Sizda sotib olingan maqolalar mavjud emas!,У вас нет купленных статей!,You have no purchased articles!,Сизда сотиб олинган мақолалар мавжуд эмас!
see_more,Ko'proq ko'rish,Смотреть больше,See more,Кўпроқ кўриш
username_or_email_exists,Username yoki Email allaqachon mavjud,Имя пользователя или Email уже существует,Username or email already exists,Усернаме ёки Эмаил аллақачон мавжуд
phone_number_already_registered,Raqamingiz allaqachon ro’yxatdan o’tgan,Ваш номер уже зарегистрирован,Your phone number is already registered,Рақамингиз аллақачон рўйхатдан ўтган
error_occurred_try_again,Xatolik yuzaga keldi. Yana bir bor urunib ko'ring,Произошла ошибка. Попробуйте еще раз,An error occurred. Please try again,Хатолик юзага келди. Яна бир бор уруниб кўринг
data_loading,Maʼlumotlar yuklanmoqda...,Данные загружаются...,Data is loading...,Маълумотлар юкланмоқда...
favorite_posts,Sevimli postlarim,Мои избранные посты,My favorite posts,Севимли постларим
no_favorite_posts,"Afsuski, sizda sevimli postlar mavjud emas!","К сожалению, у вас нет избранных постов!","Unfortunately, you have no favorite posts!","Афсуски, сизда севимли постлар мавжуд эмас!"
how_to_add_favorite_posts,Sevimli postlarni qo’shish uchun o’zingizga ma’qul bo’lgan postni o’qish jarayonida yurakcha tugmachasini bosib qo’ying,"Чтобы добавить пост в избранное, нажмите на значок сердца во время чтения понравившегося поста","To add a post to favorites, tap the heart icon while reading a post you like",Севимли постларни қўшиш учун ўзингизга маъқул бўлган постни ўқиш жараёнида юракча тугмачасини босиб қўйинг
go_back_to_home,Asosiy sahifaga qaytish,Вернуться на главную страницу,Go back to home,Асосий саҳифага қайтиш
sort_by_time_asc,Vaqt bo’yicha o’sish,По возрастанию времени,Sort by time ascending,Вақт бўйича ўсиш
january,Yanvar,Январь,January,Январ
february,Fevral,Февраль,February,Феврал
march,Mart,Март,March,Март
april,Aprel,Апрель,April,Апрел
may,May,Май,May,Май
june,Iyun,Июнь,June,Июн
july,Iyul,Июль,July,Июль
august,Avgust,Август,August,Август
september,Sentabr,Сентябрь,September,Сентябр
october,Oktabr,Октябрь,October,Октабр
november,Noyabr,Ноябрь,November,Ноябр
december,Dekabr,Декабрь,December,Декабр
select_year,Yilni tanlang,Выберите год,Select year,Йилни танланг
year,Yil,Год,Year,Йил
quiz_history,Viktorinalar tarixi,История викторин,Quiz history,Викториналар тарихи
individual_approach,Individual yondashuv va eksklyuziv materiallar,Индивидуальный подход,Individual approach,Индивидуал ёндашув ва эксклюзив материаллар
exclusive_materials,Eksklyuziv materiallar,Эксклюзивные материалы,Exclusive materials,Эксклюзив материаллар
ad_free_reading,Reklamalarsiz sayt mutolaasi,Чтение сайта без рекламы,Ad-free site reading,Рекламаларсиз сайт мутолааси
subscribe,Obuna bo'lish,Подписаться,Subscribe,Обуна бўлиш
per_month,Bir oyiga,В месяц,Per month,Бир ойига
latest_news,So‘nggi yangiliklar,Последние новости,Latest news,Сўнгги янгиликлар
view_all,Hammasini ko‘rish,Смотреть все,View all,Ҳаммасини кўриш
videos,Videolar,Видео,Videos,Видеолар
auto,Avto,Авто,Auto,Авто
daryo_shorts,Daryo Shorts,Daryo Shorts,Daryo Shorts,Дарё Шортс
suggestions,Tavsiyalar,Рекомендации,Suggestions,Тавсиялар
popular_tags,Mashhur teglar,Популярные теги,Popular tags,Машҳур теглар
world,Dunyo,Мир,World,Дунё
hot_news,Qaynoq xabarlar,Горячие новости,Hot news,Қайноқ хабарлар
search,Qidiruv,Поиск,Search,Қидирув
load_error,Yangi sahifani yuklashda xatolik yuz berdi. Iltimos qayta yuklang!,"При загрузке новой страницы произошла ошибка. Пожалуйста, перезагрузите!",An error occurred while loading the new page. Please reload!,Янги саҳифани юклашда хатолик юз берди. Илтимос қайта юкланг!
reload,Qayta yuklash,Перезагрузить,Reload,Қайта юклаш
home,Bosh sahifa,Главная страница,Home,Бош саҳифа
recommendations_btn_navigations,Tavsiyalar,Рекомендации,Recommendations,Тавсиялар
menu,Menyu,Меню,Menu,Меню
daryo_fm,Daryo FM,Daryo FM,Daryo FM,Дарё ФМ
recommendations,Tavsiyalar,Рекомендации,Recommendations,Тавсиялар
good_news,Yaxshi yangiliklar,Хорошие новости,Good news,Яхши янгиликлар
grow_with_us,Biznesingizni biz bilan rivojlantiring,Развивайте свой бизнес вместе с нами,Grow your business with us,Бизнесингизни биз билан ривожлантиринг
advertise_on_daryo,Daryo.uz da reklama bering,Размещайте рекламу на Daryo.uz,Advertise on Daryo.uz,Daryo.uz да реклама беринг
advertise,Reklama berish,Разместить рекламу,Advertise,Реклама бериш
social_media,Ijtimoiy tarmoqlar,Социальные сети,Social media,Ижтимоий тармоқлар
tags,Teglar,Теги,Tags,Теглар
data_load_error,Ma’lumotlar yuklashda xatolik yuz berdi,Произошла ошибка при загрузке данных,An error occurred while loading data,Маълумотлар юклашда хатолик юз берди
uzbekistan,O‘zbekiston,Узбекистан,Uzbekistan,Ўзбекистон
kyrgyzstan,Qirg‘iziston,Кыргызстан,Kyrgyzstan,Қирғизистон
kazakhstan,Qozog‘iston,Казахстан,Kazakhstan,Қозоғистон
turkmenistan,Turkmaniston,Туркменистан,Turkmenistan,Туркманистон
tajikistan,Tojikiston,Таджикистан,Tajikistan,Тожикистон
afghanistan,Afg‘oniston,Афганистан,Afghanistan,Афғонистон
error_not_issue,Xatolik — lekin bu muammo emas!,Ошибка — но это не проблема!,Error — but it’s not a problem!,Хатолик — лекин бу муаммо эмас!
something_went_wrong,"Biror narsa noto‘g‘ri ketdi, lekin biz uni tuzatamiz. Iltimos, qayta urinib ko‘ring.","Что-то пошло не так, но мы это исправим. Пожалуйста, попробуйте снова.","Something went wrong, but we’ll fix it. Please try again.","Бирор нарса нотўғри кетди, лекин биз уни тузатамиз. Илтимос, қайта уриниб кўринг."
daryo_unlimited,Daryo.uz cheksiz mutolaa uchun,Daryo.uz для неограниченного чтения,Daryo.uz for unlimited reading,Daryo.uz чексиз мутолаа учун
unlimited_access,"Cheksiz kirish imkoniyati bilan faktlar, ekspert tahlillari va fikrlari va boshqalardan xabardor bo‘ling.","Будьте в курсе фактов, экспертных анализов и мнений с неограниченным доступом.","Stay informed with unlimited access to facts, expert analyses, and opinions.","Чексиз кириш имконияти билан фактлар, эксперт таҳлиллари ва фикрлари ва бошқалардан хабардор бўлинг."
all_rights_reserved,Barcha huquqlar himoyalangan!,Все права защищены!,All rights reserved!,Барча ҳуқуқлар ҳимояланган!
common_start,Boshlash,Начать,Start,Бошлаш
bottom_navbar_feed,Tasma,Лента,Feed,Тасма
update_title,Yangi versiya tayyor!,Новая версия готова!,A new version is ready!,Янги версия тайёр!
update_desc,Eng so‘nggi imkoniyatlardan foydalanish uchun ilovani yangilang.,"Чтобы воспользоваться последними возможностями, обновите приложение.",Update the app to enjoy the latest features.,Энг сўнгги имкониятлардан фойдаланиш учун иловани янгиланг.
forse_update_title,Ilovada majburiy yangilanish!,Обновление приложения обязательно!,Mandatory app update!,Иловада мажбурий янгиланиш!
forse_update_desc,Ilovadan foydalanish uchun uning so‘nggi versiyasini yuklab olishingiz zarur.,Для использования приложения необходимо скачать его последнюю версию.,"To use the app, you must download its latest version.",Иловадан фойдаланиш учун унинг сўнгги версиясини юклаб олишингиз зарур.
in_progress_part,Ilovaning bu funksionalligi ustida ishlar olib borilmoqda. Tez orada ushbu funksionallikdan foydalanishingiz mumkin...,Над этой функциональностью приложения ведутся работы. Скоро вы сможете ей воспользоваться…,This feature of the app is currently under development. You’ll be able to use it soon…,Илованинг бу функционаллиги устида ишлар олиб борилмоқда. Тез орада ушбу функционалликдан фойдаланишингиз мумкин...
send_aplicaton_title,Sizning so’rovingiz yuborildi!,Ваш запрос отправлен!,Your request has been submitted!,Сизнинг сўровингиз юборилди!
send_aplicaton_desc,Bizning xodimlarimiz siz bilan yaqin vaqt ichida aloqaga chiqishadi,Наши сотрудники свяжутся с вами в ближайшее время.,Our team will contact you shortly.,Бизнинг ходимларимиз сиз билан яқин вақт ичида алоқага чиқишади
main_page,Asosiy sahifa,Главная страница,Home page,Асосий саҳифа
common_search,Qidirish,Поиск,Search,Қидириш
empty_data,Ma’lumotlar mavjud emas,Данные отсутствуют,No data available,Маълумотлар мавжуд эмас
editorial,Tahririyat,Редакция,Editorial,Таҳририят
faces_behind_content,Kontentimiz orqasida yuzlar,Лица за нашим контентом,Faces behind our content,Контентимиз орқасида юзлар
presented_by_sbd,SBD tomonidan taqdim etilgan,Предоставлено SBD,Presented by SBD,СБД томонидан тақдим этилган
locale_header,oz,uz,oz,uz
translate_tiitle,O‘zbekcha,Русский,English,Ўзбекча
uzbekistan_slug,uzbekistan,uzbekistan-r,uzbekistan-e,uzbekistan
qirgiziston_slug,qirgiziston,qirgiziston-r,qirgiziston-e,qirgiziston-c
qozogiston_slug,qozogiston,qozogiston-r,qozogiston,qozogiston-c
turkmaniston_slug,turkmaniston,turkmaniston-r,turkmaniston-e,turkmaniston-c
tojikiston_slug,tojikiston,tojikiston-r,tojikiston-e,tojikiston-c
afgoniston_slug,afgoniston,afgoniston-r,afgoniston-e,afgoniston-c
dunyo_slug,dunyo,dunyo-c,dunyo,dunyo-c
avto_slug,avto,avto-c,avto,avto-c
locale_header_v2,oz,ru,en,uz